DrawingNumbers,Powerball,Result,Jackpot,Weekday,Date
"[18, 27, 32, 38, 42]",20,0,23614872,Tuesday,2009-12-29
"[2, 14, 27, 39, 42]",10,0,20897631,Tuesday,2009-12-22
"[5, 8, 11, 28, 34]",15,0,18512668,Friday,2009-12-18
"[7, 29, 31, 32, 39]",13,0,16224029,Tuesday,2009-12-15
"[10, 20, 22, 23, 35]",17,0,13831581,Friday,2009-12-11
"[13, 16, 37, 39, 42]",7,0,11593243,Tuesday,2009-12-08
"[17, 23, 27, 38, 43]",4,0,9363139,Friday,2009-12-04
"[5, 8, 25, 41, 45]",13,0,7022907,Tuesday,2009-12-01
"[12, 18, 31, 37, 45]",16,0,4541137,Friday,2009-11-27
"[1, 18, 19, 32, 42]",9,0,2107658,Tuesday,2009-11-24
"[12, 16, 28, 42, 44]",4,1,6950136,Friday,2009-11-20
"[1, 9, 23, 41, 43]",3,0,4760127,Tuesday,2009-11-17
"[32, 35, 38, 39, 43]",19,0,2497381,Friday,2009-11-13
"[12, 20, 22, 28, 33]",14,1,7147812,Tuesday,2009-11-10
"[10, 17, 23, 31, 42]",19,0,4749759,Friday,2009-11-06
"[18, 24, 27, 36, 40]",11,0,2268385,Tuesday,2009-11-03
"[11, 14, 16, 30, 31]",8,1,12483280,Friday,2009-10-30
"[5, 15, 17, 31, 37]",3,0,10000000,Tuesday,2009-10-27
"[12, 15, 20, 36, 38]",6,1,30000000,Friday,2009-10-23
"[3, 21, 23, 32, 35]",7,0,2706808,Friday,2010-12-31
"[5, 6, 7, 9, 17]",11,1,27461634,Tuesday,2010-12-28
"[26, 30, 31, 33, 40]",3,0,24791362,Friday,2010-12-24
"[19, 25, 31, 39, 40]",14,0,21544895,Tuesday,2010-12-21
"[1, 7, 8, 17, 30]",17,0,18364481,Friday,2010-12-17
"[12, 30, 31, 32, 35]",4,0,15257821,Tuesday,2010-12-14
"[6, 13, 18, 24, 41]",7,0,12346450,Friday,2010-12-10
"[12, 28, 30, 44, 45]",9,0,9297740,Tuesday,2010-12-07
"[19, 24, 37, 43, 45]",10,0,6357543,Friday,2010-12-03
"[3, 6, 11, 12, 25]",9,0,3117562,Tuesday,2010-11-30
"[12, 17, 22, 25, 34]",19,1,3352789,Friday,2010-11-26
"[2, 9, 10, 33, 43]",6,1,42656872,Tuesday,2010-11-23
"[1, 17, 19, 26, 32]",4,0,38859683,Friday,2010-11-19
"[4, 28, 32, 38, 40]",2,0,34750340,Tuesday,2010-11-16
"[4, 8, 11, 16, 40]",17,0,31003973,Friday,2010-11-12
"[6, 22, 29, 35, 45]",8,0,26886805,Tuesday,2010-11-09
"[1, 4, 25, 26, 32]",10,0,23079189,Friday,2010-11-05
"[12, 13, 21, 22, 29]",9,0,19492100,Tuesday,2010-11-02
"[10, 31, 32, 39, 45]",10,0,16116518,Friday,2010-10-29
"[13, 28, 32, 35, 36]",8,0,12482772,Tuesday,2010-10-26
"[10, 15, 16, 22, 36]",1,0,9274905,Friday,2010-10-22
"[9, 11, 17, 35, 38]",16,0,6156748,Tuesday,2010-10-19
"[4, 14, 26, 34, 44]",12,0,3262703,Friday,2010-10-15
"[1, 17, 18, 19, 44]",14,1,64547102,Tuesday,2010-10-12
"[3, 7, 16, 21, 40]",3,0,59062479,Friday,2010-10-08
"[3, 15, 25, 32, 38]",4,0,52764996,Tuesday,2010-10-05
"[16, 22, 28, 30, 31]",20,0,47692754,Friday,2010-10-01
"[1, 3, 4, 5, 40]",15,0,42377052,Tuesday,2010-09-28
"[1, 5, 10, 16, 19]",8,0,37740536,Friday,2010-09-24
"[31, 33, 36, 40, 42]",13,0,33930735,Tuesday,2010-09-21
"[2, 19, 28, 42, 44]",5,0,30152355,Friday,2010-09-17
"[3, 23, 29, 33, 40]",2,0,25924666,Tuesday,2010-09-14
"[1, 17, 19, 33, 38]",1,0,22347777,Friday,2010-09-10
"[3, 25, 37, 42, 44]",10,0,18393816,Tuesday,2010-09-07
"[12, 17, 37, 41, 43]",8,0,15364634,Friday,2010-09-03
"[12, 27, 37, 41, 44]",20,0,12042106,Tuesday,2010-08-31
"[7, 8, 26, 36, 42]",20,0,8862943,Friday,2010-08-27
"[6, 23, 27, 33, 44]",16,0,5601290,Tuesday,2010-08-24
"[15, 21, 24, 32, 44]",11,0,2928005,Friday,2010-08-20
"[11, 17, 30, 35, 45]",20,1,30521058,Tuesday,2010-08-17
"[8, 9, 10, 31, 39]",12,0,26625622,Friday,2010-08-13
"[9, 19, 31, 33, 45]",16,0,22589379,Tuesday,2010-08-10
"[1, 3, 13, 22, 29]",18,0,19838004,Friday,2010-08-06
"[1, 6, 15, 35, 44]",20,0,16447363,Tuesday,2010-08-03
"[2, 9, 21, 25, 37]",12,0,13033929,Friday,2010-07-30
"[2, 7, 19, 24, 30]",20,0,9459798,Tuesday,2010-07-27
"[18, 23, 24, 33, 37]",15,0,6297840,Friday,2010-07-23
"[1, 21, 27, 32, 36]",9,0,2974822,Tuesday,2010-07-20
"[13, 20, 42, 44, 45]",12,1,3623437,Friday,2010-07-16
"[5, 11, 13, 20, 30]",15,1,69542295,Tuesday,2010-07-13
"[12, 15, 18, 20, 25]",13,0,62468008,Friday,2010-07-09
"[7, 8, 21, 39, 41]",9,0,55038362,Tuesday,2010-07-06
"[2, 6, 7, 9, 31]",7,0,48579364,Friday,2010-07-02
"[5, 8, 9, 23, 35]",9,0,42231889,Tuesday,2010-06-29
"[13, 23, 31, 40, 42]",11,0,36616857,Friday,2010-06-25
"[16, 23, 36, 40, 45]",19,0,31669951,Tuesday,2010-06-22
"[6, 8, 9, 11, 22]",15,0,27944190,Friday,2010-06-18
"[13, 25, 34, 40, 41]",7,0,24185528,Tuesday,2010-06-15
"[12, 14, 18, 23, 42]",13,0,20505294,Friday,2010-06-11
"[7, 8, 23, 30, 39]",6,0,17115989,Tuesday,2010-06-08
"[1, 16, 20, 27, 33]",13,0,13831410,Friday,2010-06-04
"[2, 5, 12, 23, 45]",15,0,10498943,Tuesday,2010-06-01
"[2, 9, 24, 26, 42]",2,0,7503422,Friday,2010-05-28
"[4, 15, 21, 30, 32]",8,0,4820608,Tuesday,2010-05-25
"[2, 14, 25, 30, 40]",2,0,2368222,Friday,2010-05-21
"[6, 17, 25, 29, 42]",6,1,18299965,Tuesday,2010-05-18
"[6, 8, 15, 32, 42]",7,0,15620625,Friday,2010-05-14
"[4, 14, 17, 42, 44]",13,0,12881090,Tuesday,2010-05-11
"[10, 18, 25, 26, 34]",15,0,10349534,Friday,2010-05-07
"[9, 17, 28, 36, 43]",4,0,7609842,Tuesday,2010-05-04
"[1, 11, 30, 35, 44]",15,0,4865951,Friday,2010-04-30
"[13, 14, 23, 24, 27]",1,0,2060602,Tuesday,2010-04-27
"[12, 18, 43, 44, 45]",5,1,10399745,Friday,2010-04-23
"[7, 20, 26, 32, 39]",3,0,7771243,Tuesday,2010-04-20
"[7, 19, 21, 37, 40]",18,0,5314858,Friday,2010-04-16
"[15, 18, 28, 42, 45]",5,0,2563273,Tuesday,2010-04-13
"[2, 16, 27, 30, 31]",15,1,18426344,Friday,2010-04-09
"[2, 13, 19, 38, 42]",16,0,15304941,Tuesday,2010-04-06
"[9, 27, 30, 35, 42]",17,0,11651861,Tuesday,2010-03-30
"[25, 30, 33, 36, 44]",15,0,8393869,Friday,2010-03-26
"[1, 6, 9, 10, 15]",11,0,5530507,Tuesday,2010-03-23
"[7, 11, 33, 44, 45]",3,0,3046000,Friday,2010-03-19
"[16, 32, 40, 42, 45]",16,1,3129922,Tuesday,2010-03-16
"[8, 14, 18, 22, 28]",10,1,10657820,Friday,2010-03-12
"[3, 6, 11, 28, 45]",15,0,7147749,Tuesday,2010-03-09
"[10, 11, 12, 22, 38]",10,0,3749040,Friday,2010-03-05
"[1, 12, 15, 36, 43]",6,1,15604303,Tuesday,2010-03-02
"[4, 9, 14, 23, 37]",8,0,11615686,Friday,2010-02-26
"[4, 12, 18, 34, 41]",14,0,7283328,Tuesday,2010-02-23
"[7, 8, 10, 22, 35]",4,0,3839124,Friday,2010-02-19
"[22, 23, 30, 33, 44]",9,1,5000000,Tuesday,2010-02-16
"[6, 32, 36, 38, 45]",1,1,91068427,Friday,2010-02-12
"[10, 18, 26, 36, 45]",19,0,81332877,Tuesday,2010-02-09
"[1, 8, 21, 29, 39]",20,0,73048346,Friday,2010-02-05
"[7, 25, 33, 38, 42]",8,0,64697596,Tuesday,2010-02-02
"[2, 6, 39, 42, 43]",3,0,57232839,Friday,2010-01-29
"[2, 3, 15, 21, 36]",19,0,50371493,Tuesday,2010-01-26
"[7, 11, 18, 19, 34]",7,0,44787663,Friday,2010-01-22
"[10, 16, 18, 21, 38]",18,0,39977546,Tuesday,2010-01-19
"[1, 5, 21, 42, 44]",8,0,36561942,Friday,2010-01-15
"[10, 11, 18, 30, 35]",7,0,32920898,Tuesday,2010-01-12
"[6, 15, 27, 39, 45]",19,0,30336467,Friday,2010-01-08
"[1, 8, 31, 43, 44]",11,0,27687095,Tuesday,2010-01-05
"[17, 21, 24, 32, 37]",10,0,25219570,Friday,2010-01-01
"[11, 15, 20, 33, 37]",16,0,2573143,Friday,2011-12-30
"[10, 12, 17, 24, 26]",3,1,14968166,Tuesday,2011-12-27
"[7, 13, 21, 22, 40]",20,0,13042337,Friday,2011-12-23
"[20, 21, 25, 37, 40]",5,0,10136821,Tuesday,2011-12-20
"[14, 26, 28, 33, 45]",11,0,7443501,Friday,2011-12-16
"[14, 16, 22, 32, 35]",13,0,5026628,Tuesday,2011-12-13
"[1, 3, 18, 36, 37]",11,0,2618631,Friday,2011-12-09
"[6, 15, 16, 28, 41]",1,1,16224070,Tuesday,2011-12-06
"[5, 6, 25, 38, 40]",16,0,13455044,Friday,2011-12-02
"[12, 27, 28, 32, 34]",5,0,10396079,Tuesday,2011-11-29
"[23, 26, 29, 41, 44]",14,0,7690591,Friday,2011-11-25
"[5, 24, 29, 34, 44]",18,0,4802228,Tuesday,2011-11-22
"[9, 24, 36, 37, 45]",14,0,2543676,Friday,2011-11-18
"[8, 18, 30, 38, 44]",5,1,2477488,Tuesday,2011-11-15
"[1, 6, 7, 10, 35]",14,1,5648665,Friday,2011-11-11
"[8, 10, 11, 15, 45]",20,0,2680203,Tuesday,2011-11-08
"[9, 25, 31, 34, 42]",10,1,42255928,Friday,2011-11-04
"[13, 23, 34, 39, 43]",7,0,37589153,Tuesday,2011-11-01
"[3, 15, 36, 37, 41]",6,0,33346689,Friday,2011-10-28
"[11, 12, 20, 35, 38]",1,0,29627473,Tuesday,2011-10-25
"[2, 16, 23, 39, 42]",9,0,26663017,Friday,2011-10-21
"[2, 8, 12, 15, 32]",13,0,23663233,Tuesday,2011-10-18
"[15, 20, 21, 31, 35]",5,0,20901649,Friday,2011-10-14
"[8, 10, 24, 39, 43]",8,0,17786971,Tuesday,2011-10-11
"[33, 36, 38, 40, 44]",4,0,14993778,Friday,2011-10-07
"[8, 10, 26, 40, 42]",4,0,11840586,Tuesday,2011-10-04
"[11, 21, 24, 28, 35]",17,0,8786034,Friday,2011-09-30
"[1, 7, 8, 22, 40]",18,0,5656161,Tuesday,2011-09-27
"[5, 22, 24, 25, 27]",5,0,2886998,Friday,2011-09-23
"[8, 10, 23, 31, 38]",8,1,8395464,Tuesday,2011-09-20
"[2, 3, 4, 28, 38]",20,0,5716820,Friday,2011-09-16
"[5, 11, 17, 28, 44]",20,0,2691821,Tuesday,2011-09-13
"[10, 18, 23, 36, 40]",4,1,3301766,Friday,2011-09-09
"[1, 2, 5, 30, 40]",3,1,54740386,Tuesday,2011-09-06
"[15, 25, 34, 43, 45]",1,0,49859652,Friday,2011-09-02
"[4, 5, 19, 37, 38]",15,0,45156723,Tuesday,2011-08-30
"[10, 18, 20, 36, 39]",13,0,41137341,Friday,2011-08-26
"[4, 17, 20, 22, 31]",13,0,36653664,Tuesday,2011-08-23
"[5, 14, 19, 21, 28]",11,0,33325749,Friday,2011-08-19
"[3, 10, 16, 21, 22]",9,0,29856251,Tuesday,2011-08-16
"[2, 8, 39, 41, 43]",16,0,26397131,Friday,2011-08-12
"[31, 37, 38, 43, 45]",15,0,23237755,Tuesday,2011-08-09
"[5, 9, 10, 21, 44]",10,0,20854766,Friday,2011-08-05
"[3, 9, 16, 27, 31]",13,0,17546690,Tuesday,2011-08-02
"[7, 12, 23, 40, 42]",2,0,14519379,Friday,2011-07-29
"[18, 26, 28, 34, 36]",3,0,11227328,Tuesday,2011-07-26
"[13, 22, 25, 26, 35]",13,0,8434807,Friday,2011-07-22
"[2, 14, 15, 18, 29]",20,0,5581368,Tuesday,2011-07-19
"[9, 16, 19, 24, 28]",19,0,2970504,Friday,2011-07-15
"[10, 16, 28, 34, 45]",6,1,35206645,Tuesday,2011-07-12
"[5, 22, 30, 32, 33]",18,0,31562753,Friday,2011-07-08
"[2, 30, 31, 34, 42]",5,0,28198224,Tuesday,2011-07-05
"[2, 9, 31, 35, 37]",4,0,25041903,Friday,2011-07-01
"[2, 16, 25, 37, 41]",12,0,21485429,Tuesday,2011-06-28
"[6, 18, 28, 31, 36]",20,0,18275434,Friday,2011-06-24
"[2, 8, 28, 30, 35]",13,0,14966512,Tuesday,2011-06-21
"[15, 23, 33, 44, 45]",6,0,12161620,Friday,2011-06-17
"[11, 16, 34, 39, 40]",11,0,9071022,Tuesday,2011-06-14
"[13, 24, 26, 30, 42]",16,0,6217537,Friday,2011-06-10
"[10, 16, 24, 32, 35]",7,0,3005843,Tuesday,2011-06-07
"[6, 30, 31, 33, 36]",16,1,102016595,Friday,2011-06-03
"[7, 8, 13, 33, 35]",17,0,90592370,Tuesday,2011-05-31
"[7, 16, 22, 34, 45]",17,0,82856413,Friday,2011-05-27
"[13, 16, 21, 41, 45]",18,0,75903541,Tuesday,2011-05-24
"[3, 7, 10, 31, 42]",6,0,70376366,Friday,2011-05-20
"[13, 16, 24, 26, 27]",10,0,64579367,Tuesday,2011-05-17
"[4, 10, 11, 32, 38]",6,0,59734277,Friday,2011-05-13
"[1, 17, 31, 41, 43]",1,0,54184157,Tuesday,2011-05-10
"[4, 9, 20, 38, 45]",2,0,49896046,Friday,2011-05-06
"[8, 10, 11, 33, 34]",17,0,45589880,Tuesday,2011-05-03
"[1, 15, 39, 41, 45]",7,0,42070879,Friday,2011-04-29
"[12, 16, 25, 37, 45]",7,0,38178592,Tuesday,2011-04-26
"[8, 14, 15, 16, 38]",2,0,34239693,Tuesday,2011-04-19
"[8, 15, 18, 25, 37]",5,0,31182453,Friday,2011-04-15
"[7, 20, 27, 35, 37]",10,0,28063612,Tuesday,2011-04-12
"[1, 14, 37, 39, 40]",3,0,25454393,Friday,2011-04-08
"[16, 23, 25, 33, 34]",9,0,22593290,Tuesday,2011-04-05
"[1, 12, 23, 36, 42]",18,0,19831783,Friday,2011-04-01
"[3, 15, 17, 24, 38]",13,0,16835332,Tuesday,2011-03-29
"[13, 16, 25, 36, 39]",8,0,14149627,Friday,2011-03-25
"[8, 15, 24, 39, 41]",8,0,11415269,Tuesday,2011-03-22
"[8, 28, 36, 40, 42]",4,0,9512305,Friday,2011-03-18
"[12, 22, 32, 36, 43]",10,0,7070429,Tuesday,2011-03-15
"[5, 34, 39, 43, 45]",8,0,4824277,Friday,2011-03-11
"[17, 21, 31, 34, 41]",4,0,2350782,Tuesday,2011-03-08
"[7, 13, 18, 34, 44]",20,1,5292362,Friday,2011-03-04
"[1, 7, 24, 28, 37]",15,0,2627079,Tuesday,2011-03-01
"[3, 24, 31, 37, 41]",2,1,7443787,Friday,2011-02-25
"[4, 10, 12, 33, 35]",16,0,4673560,Tuesday,2011-02-22
"[2, 7, 12, 17, 31]",17,0,2461637,Friday,2011-02-18
"[1, 17, 23, 41, 42]",17,1,22420181,Tuesday,2011-02-15
"[14, 25, 27, 31, 34]",10,0,19670160,Friday,2011-02-11
"[14, 20, 22, 34, 35]",8,0,16747399,Tuesday,2011-02-08
"[11, 12, 16, 31, 37]",3,0,13995554,Friday,2011-02-04
"[2, 5, 29, 39, 41]",7,0,10932870,Tuesday,2011-02-01
"[5, 9, 11, 22, 37]",7,0,8021787,Friday,2011-01-28
"[3, 9, 12, 18, 38]",9,0,5055855,Tuesday,2011-01-25
"[6, 13, 18, 19, 22]",10,0,2497893,Friday,2011-01-21
"[5, 10, 36, 41, 44]",18,1,15953620,Tuesday,2011-01-18
"[8, 16, 21, 36, 42]",4,0,13397461,Friday,2011-01-14
"[14, 15, 22, 27, 37]",7,0,10542001,Tuesday,2011-01-11
"[9, 12, 26, 29, 34]",12,0,7965601,Friday,2011-01-07
"[2, 12, 18, 30, 38]",10,0,5250913,Tuesday,2011-01-04
"[1, 12, 14, 32, 36]",16,0,22260024,Friday,2012-12-28
"[13, 14, 19, 23, 37]",3,0,18627388,Friday,2012-12-21
"[13, 34, 36, 37, 39]",16,0,15594971,Tuesday,2012-12-18
"[5, 13, 20, 29, 35]",14,0,13229967,Friday,2012-12-14
"[11, 16, 25, 28, 33]",1,0,10465960,Tuesday,2012-12-11
"[4, 17, 33, 42, 45]",10,0,8018201,Friday,2012-12-07
"[5, 11, 20, 34, 45]",20,0,5361273,Tuesday,2012-12-04
"[6, 25, 33, 42, 44]",14,0,2781938,Friday,2012-11-30
"[9, 17, 30, 34, 44]",18,1,21419053,Tuesday,2012-11-27
"[5, 33, 34, 37, 42]",5,0,18575466,Friday,2012-11-23
"[3, 17, 26, 28, 33]",1,0,15626564,Tuesday,2012-11-20
"[1, 4, 6, 14, 15]",12,0,13200190,Friday,2012-11-16
"[5, 7, 13, 18, 19]",8,0,10405168,Tuesday,2012-11-13
"[7, 14, 17, 27, 40]",16,0,8073621,Friday,2012-11-09
"[9, 17, 18, 37, 41]",9,0,5374926,Tuesday,2012-11-06
"[4, 11, 25, 26, 41]",12,0,2857986,Friday,2012-11-02
"[5, 16, 20, 41, 42]",20,1,7893131,Tuesday,2012-10-30
"[1, 8, 12, 19, 34]",18,0,5270904,Friday,2012-10-26
"[8, 23, 24, 31, 42]",6,0,2301953,Tuesday,2012-10-23
"[14, 17, 23, 35, 39]",3,1,44941661,Friday,2012-10-19
"[7, 9, 11, 29, 41]",8,0,41080485,Tuesday,2012-10-16
"[5, 10, 17, 35, 41]",16,0,37419930,Friday,2012-10-12
"[3, 5, 6, 22, 26]",17,0,33606907,Tuesday,2012-10-09
"[1, 9, 11, 39, 40]",18,0,30083660,Friday,2012-10-05
"[11, 18, 23, 31, 45]",13,0,26432919,Tuesday,2012-10-02
"[1, 6, 7, 40, 41]",17,0,23295245,Friday,2012-09-28
"[2, 28, 32, 34, 45]",17,0,19708960,Tuesday,2012-09-25
"[13, 16, 24, 39, 43]",4,0,17251586,Friday,2012-09-21
"[1, 27, 37, 40, 42]",16,0,14131336,Tuesday,2012-09-18
"[15, 18, 26, 33, 41]",7,0,11483145,Friday,2012-09-14
"[13, 32, 34, 36, 45]",10,0,8331832,Tuesday,2012-09-11
"[9, 14, 17, 34, 41]",17,0,5668715,Friday,2012-09-07
"[6, 15, 19, 30, 45]",14,0,2855452,Tuesday,2012-09-04
"[5, 7, 9, 20, 29]",20,1,55363220,Friday,2012-08-31
"[1, 7, 8, 11, 40]",1,0,50378506,Tuesday,2012-08-28
"[3, 9, 14, 24, 26]",3,0,46232750,Friday,2012-08-24
"[14, 16, 19, 38, 43]",3,0,41911468,Tuesday,2012-08-21
"[13, 15, 19, 40, 42]",12,0,38227207,Friday,2012-08-17
"[5, 21, 26, 28, 33]",19,0,34458082,Tuesday,2012-08-14
"[2, 9, 26, 27, 45]",1,0,31538319,Friday,2012-08-10
"[13, 20, 21, 26, 44]",8,0,28526608,Tuesday,2012-08-07
"[2, 10, 22, 35, 41]",16,0,25875066,Friday,2012-08-03
"[7, 14, 23, 27, 32]",20,0,22751128,Tuesday,2012-07-31
"[6, 8, 15, 18, 38]",15,0,20005005,Friday,2012-07-27
"[2, 5, 7, 15, 21]",6,0,17083563,Tuesday,2012-07-24
"[5, 20, 24, 33, 41]",3,0,14841724,Friday,2012-07-20
"[1, 4, 20, 23, 34]",16,0,12324829,Tuesday,2012-07-17
"[4, 11, 16, 27, 38]",17,0,10009272,Friday,2012-07-13
"[8, 9, 15, 23, 36]",11,0,7358597,Tuesday,2012-07-10
"[3, 10, 12, 34, 36]",17,0,5031967,Friday,2012-07-06
"[16, 19, 37, 38, 39]",13,0,2441361,Tuesday,2012-07-03
"[2, 4, 6, 19, 31]",20,1,20437110,Friday,2012-06-29
"[2, 17, 22, 39, 44]",20,0,17413529,Tuesday,2012-06-26
"[3, 7, 17, 21, 27]",2,0,14857820,Friday,2012-06-22
"[12, 21, 27, 36, 45]",17,0,12285787,Tuesday,2012-06-19
"[2, 21, 22, 24, 41]",17,0,10012473,Friday,2012-06-15
"[2, 16, 22, 36, 43]",19,0,7401442,Tuesday,2012-06-12
"[14, 15, 32, 36, 40]",7,0,5121886,Friday,2012-06-08
"[9, 10, 26, 32, 33]",7,0,2501365,Tuesday,2012-06-05
"[9, 12, 15, 28, 32]",14,1,40000000,Friday,2012-06-01
"[2, 6, 8, 30, 44]",10,0,28176640,Tuesday,2012-05-29
"[1, 9, 19, 26, 32]",17,0,25398698,Friday,2012-05-25
"[1, 3, 22, 31, 38]",11,0,22572632,Tuesday,2012-05-22
"[2, 14, 20, 32, 36]",1,0,20323754,Friday,2012-05-18
"[4, 7, 8, 19, 25]",12,0,17794005,Tuesday,2012-05-15
"[6, 7, 17, 20, 23]",17,0,15464392,Friday,2012-05-11
"[4, 9, 10, 16, 20]",4,0,13009713,Tuesday,2012-05-08
"[1, 6, 16, 34, 40]",18,0,10693652,Friday,2012-05-04
"[12, 17, 24, 30, 36]",14,0,8121115,Tuesday,2012-05-01
"[4, 6, 12, 23, 38]",18,0,6225931,Friday,2012-04-27
"[3, 5, 22, 31, 45]",5,0,4136547,Tuesday,2012-04-24
"[13, 20, 24, 25, 29]",11,0,2187722,Friday,2012-04-20
"[14, 15, 29, 30, 34]",7,1,2034954,Tuesday,2012-04-17
"[2, 9, 23, 43, 44]",17,1,19978096,Friday,2012-04-13
"[13, 28, 30, 41, 43]",11,0,17272437,Tuesday,2012-04-10
"[4, 11, 12, 17, 42]",15,0,14565575,Tuesday,2012-04-03
"[3, 5, 10, 18, 39]",18,0,12032312,Friday,2012-03-30
"[8, 11, 23, 44, 45]",2,0,9235615,Tuesday,2012-03-27
"[6, 15, 23, 39, 45]",19,0,6878198,Friday,2012-03-23
"[9, 14, 21, 28, 44]",12,0,4438125,Tuesday,2012-03-20
"[14, 18, 37, 41, 44]",3,0,2387296,Friday,2012-03-16
"[3, 6, 26, 32, 37]",4,1,7037105,Tuesday,2012-03-13
"[2, 21, 22, 29, 40]",11,0,4829453,Friday,2012-03-09
"[1, 35, 36, 37, 45]",7,0,2347502,Tuesday,2012-03-06
"[13, 24, 41, 43, 45]",19,1,14657586,Friday,2012-03-02
"[16, 24, 26, 32, 45]",1,0,11809281,Tuesday,2012-02-28
"[17, 21, 26, 40, 45]",15,0,9270488,Friday,2012-02-24
"[25, 27, 28, 32, 43]",18,0,6631722,Tuesday,2012-02-21
"[8, 26, 31, 38, 45]",7,0,4515349,Friday,2012-02-17
"[20, 30, 31, 32, 44]",17,0,2102743,Tuesday,2012-02-14
"[6, 19, 23, 29, 35]",3,1,4910191,Friday,2012-02-10
"[2, 11, 14, 38, 45]",13,0,2343754,Tuesday,2012-02-07
"[7, 9, 14, 15, 43]",15,1,8146104,Friday,2012-02-03
"[12, 15, 25, 32, 41]",15,0,5301939,Tuesday,2012-01-31
"[2, 7, 28, 36, 39]",5,0,2741604,Friday,2012-01-27
"[4, 7, 11, 26, 36]",5,1,19916768,Tuesday,2012-01-24
"[10, 15, 22, 29, 35]",18,0,17490584,Friday,2012-01-20
"[13, 19, 26, 43, 45]",9,0,14000000,Tuesday,2012-01-17
"[15, 20, 23, 25, 40]",10,0,12000000,Friday,2012-01-13
"[18, 20, 24, 26, 40]",13,0,10000000,Tuesday,2012-01-10
"[1, 21, 29, 32, 34]",20,0,7226611,Friday,2012-01-06
"[3, 5, 8, 17, 41]",6,0,4682014,Tuesday,2012-01-03
"[6, 14, 20, 31, 34]",12,0,7086859,Tuesday,2013-12-31
"[4, 16, 19, 34, 39]",16,0,4664748,Friday,2013-12-27
"[1, 16, 23, 41, 44]",9,0,2531635,Tuesday,2013-12-24
"[10, 12, 16, 28, 37]",10,1,60432313,Friday,2013-12-20
"[2, 7, 11, 26, 33]",6,0,55778785,Tuesday,2013-12-17
"[1, 11, 18, 30, 41]",15,0,52450242,Friday,2013-12-13
"[1, 16, 21, 31, 37]",18,0,48338684,Tuesday,2013-12-10
"[13, 15, 21, 28, 31]",19,0,45368394,Friday,2013-12-06
"[12, 17, 26, 27, 30]",1,0,41894657,Tuesday,2013-12-03
"[11, 12, 17, 18, 27]",13,0,38591105,Friday,2013-11-29
"[5, 16, 19, 33, 34]",2,0,35237640,Tuesday,2013-11-26
"[11, 15, 16, 20, 31]",9,0,32361843,Friday,2013-11-22
"[13, 19, 20, 24, 26]",4,0,29380291,Tuesday,2013-11-19
"[3, 31, 35, 37, 45]",4,0,26893298,Friday,2013-11-15
"[2, 15, 22, 33, 35]",16,0,24057349,Tuesday,2013-11-12
"[11, 20, 22, 30, 43]",6,0,21660148,Friday,2013-11-08
"[12, 26, 32, 42, 43]",10,0,18897375,Tuesday,2013-11-05
"[6, 15, 16, 37, 44]",6,0,16385059,Friday,2013-11-01
"[6, 16, 35, 36, 43]",18,0,13547927,Tuesday,2013-10-29
"[8, 24, 27, 28, 35]",12,0,11124781,Friday,2013-10-25
"[9, 15, 19, 24, 30]",20,0,8524171,Tuesday,2013-10-22
"[1, 17, 19, 20, 34]",1,0,6511626,Friday,2013-10-18
"[27, 32, 35, 41, 45]",5,0,4269146,Tuesday,2013-10-15
"[16, 18, 20, 29, 36]",14,0,2212825,Friday,2013-10-11
"[31, 39, 42, 43, 45]",10,1,18138966,Tuesday,2013-10-08
"[3, 7, 11, 24, 28]",12,0,15774365,Friday,2013-10-04
"[1, 19, 24, 35, 37]",7,0,13145900,Tuesday,2013-10-01
"[6, 13, 21, 28, 31]",3,0,10628730,Friday,2013-09-27
"[6, 23, 25, 26, 43]",2,0,8093286,Tuesday,2013-09-24
"[15, 22, 29, 30, 38]",13,0,6458720,Friday,2013-09-20
"[11, 18, 22, 27, 29]",11,0,4269191,Tuesday,2013-09-17
"[8, 19, 27, 30, 40]",18,0,2295473,Friday,2013-09-13
"[6, 13, 16, 22, 32]",1,1,14183993,Tuesday,2013-09-10
"[15, 16, 24, 29, 40]",10,0,11939425,Friday,2013-09-06
"[17, 28, 32, 33, 36]",14,0,9440151,Tuesday,2013-09-03
"[9, 13, 17, 38, 41]",1,0,7041428,Friday,2013-08-30
"[4, 23, 24, 35, 43]",20,0,4512048,Tuesday,2013-08-27
"[3, 10, 22, 25, 27]",3,1,2317653,Friday,2013-08-23
"[10, 18, 35, 41, 43]",16,1,10949027,Tuesday,2013-08-20
"[13, 15, 18, 21, 45]",9,0,8792932,Friday,2013-08-16
"[12, 15, 32, 42, 44]",16,0,6388947,Tuesday,2013-08-13
"[10, 22, 23, 31, 45]",16,0,4276061,Friday,2013-08-09
"[10, 12, 25, 37, 41]",3,0,2295626,Tuesday,2013-08-06
"[1, 2, 13, 29, 34]",18,1,9622749,Friday,2013-08-02
"[3, 4, 5, 20, 44]",9,0,6888759,Tuesday,2013-07-30
"[1, 5, 8, 21, 30]",16,0,4586087,Friday,2013-07-26
"[6, 8, 12, 19, 36]",6,0,2006940,Tuesday,2013-07-23
"[6, 12, 28, 33, 42]",16,1,14673753,Friday,2013-07-19
"[5, 7, 8, 31, 37]",18,0,12178447,Tuesday,2013-07-16
"[7, 15, 30, 33, 43]",12,0,9873132,Friday,2013-07-12
"[1, 6, 26, 30, 37]",10,0,7423504,Tuesday,2013-07-09
"[6, 25, 26, 42, 44]",12,0,5108748,Friday,2013-07-05
"[7, 12, 13, 18, 20]",1,0,2497900,Tuesday,2013-07-02
"[3, 9, 27, 32, 41]",1,1,24487675,Friday,2013-06-28
"[2, 6, 18, 30, 34]",12,0,21490298,Tuesday,2013-06-25
"[7, 26, 35, 36, 42]",18,0,18886697,Friday,2013-06-21
"[1, 5, 13, 14, 16]",3,0,16290097,Tuesday,2013-06-18
"[15, 23, 31, 32, 35]",9,0,14260075,Friday,2013-06-14
"[6, 17, 22, 34, 36]",20,0,11649564,Tuesday,2013-06-11
"[14, 15, 19, 35, 38]",4,0,9229705,Friday,2013-06-07
"[17, 25, 28, 34, 40]",12,0,7827980,Tuesday,2013-06-04
"[3, 7, 19, 34, 44]",2,0,5234869,Friday,2013-05-31
"[25, 26, 29, 31, 34]",14,0,2427646,Tuesday,2013-05-28
"[3, 10, 15, 30, 38]",3,1,37785470,Friday,2013-05-24
"[10, 11, 17, 37, 44]",18,0,34482383,Tuesday,2013-05-21
"[13, 19, 20, 22, 43]",2,0,31576300,Friday,2013-05-17
"[1, 13, 19, 29, 37]",1,0,28512806,Tuesday,2013-05-14
"[2, 4, 16, 18, 26]",5,0,25722477,Friday,2013-05-10
"[4, 5, 21, 37, 38]",6,0,22883706,Tuesday,2013-05-07
"[10, 19, 21, 27, 40]",3,0,20234573,Friday,2013-05-03
"[12, 24, 28, 31, 32]",2,0,17267735,Tuesday,2013-04-30
"[13, 16, 30, 43, 44]",9,0,14537276,Friday,2013-04-26
"[8, 12, 15, 21, 26]",17,0,11699021,Tuesday,2013-04-23
"[10, 13, 26, 28, 39]",2,0,9445018,Friday,2013-04-19
"[8, 12, 29, 32, 44]",19,0,7026935,Tuesday,2013-04-16
"[5, 12, 36, 37, 40]",7,0,4733719,Friday,2013-04-12
"[8, 9, 20, 38, 39]",19,0,2277603,Tuesday,2013-04-09
"[4, 9, 17, 22, 23]",6,1,33936857,Friday,2013-04-05
"[4, 6, 8, 11, 13]",13,0,30727426,Tuesday,2013-04-02
"[1, 18, 31, 37, 40]",13,0,27327933,Tuesday,2013-03-26
"[1, 5, 7, 9, 14]",15,0,24634254,Friday,2013-03-22
"[5, 7, 11, 25, 35]",18,0,21987237,Tuesday,2013-03-19
"[22, 23, 29, 35, 38]",7,0,19583348,Friday,2013-03-15
"[1, 6, 26, 35, 42]",6,0,16913996,Tuesday,2013-03-12
"[8, 19, 24, 34, 37]",15,0,14558115,Friday,2013-03-08
"[9, 12, 22, 26, 38]",4,0,11860587,Tuesday,2013-03-05
"[13, 30, 33, 35, 45]",3,0,9337820,Friday,2013-03-01
"[1, 7, 14, 21, 32]",7,0,6628018,Tuesday,2013-02-26
"[4, 16, 28, 32, 42]",19,0,4337006,Friday,2013-02-22
"[1, 5, 6, 31, 42]",20,0,1999075,Tuesday,2013-02-19
"[3, 13, 26, 28, 34]",3,1,20237049,Friday,2013-02-15
"[2, 20, 38, 39, 45]",5,0,17492542,Tuesday,2013-02-12
"[22, 25, 36, 38, 44]",3,0,15064048,Friday,2013-02-08
"[5, 18, 22, 28, 29]",20,0,12293728,Tuesday,2013-02-05
"[23, 27, 32, 43, 44]",20,0,9792751,Friday,2013-02-01
"[9, 21, 29, 37, 38]",14,0,6970532,Tuesday,2013-01-29
"[7, 15, 20, 23, 25]",12,0,4607267,Friday,2013-01-25
"[3, 10, 11, 28, 31]",16,0,2042547,Tuesday,2013-01-22
"[13, 19, 29, 35, 39]",11,1,38997922,Friday,2013-01-18
"[12, 17, 22, 36, 37]",2,0,35816713,Tuesday,2013-01-15
"[1, 4, 14, 20, 33]",4,0,32886372,Friday,2013-01-11
"[8, 11, 12, 23, 24]",16,0,29865464,Tuesday,2013-01-08
"[10, 18, 21, 38, 44]",4,0,27074540,Friday,2013-01-04
"[1, 4, 13, 21, 30]",18,0,23991973,Tuesday,2013-01-01
"[8, 15, 25, 31, 40]",13,0,6411165,Tuesday,2014-12-30
"[10, 12, 13, 30, 45]",11,0,3973317,Friday,2014-12-26
"[2, 25, 31, 32, 36]",3,0,2474670,Tuesday,2014-12-23
"[7, 9, 10, 29, 45]",7,1,2714602,Friday,2014-12-19
"[9, 10, 11, 15, 34]",2,1,37061177,Tuesday,2014-12-16
"[26, 33, 34, 36, 38]",2,0,34036702,Friday,2014-12-12
"[13, 22, 35, 36, 43]",15,0,30589322,Tuesday,2014-12-09
"[14, 20, 26, 28, 39]",12,0,27544591,Friday,2014-12-05
"[19, 25, 26, 40, 43]",12,0,24369278,Tuesday,2014-12-02
"[21, 28, 33, 40, 43]",10,0,21291754,Friday,2014-11-28
"[8, 19, 24, 37, 40]",7,0,17950780,Tuesday,2014-11-25
"[7, 10, 12, 32, 40]",14,0,15247139,Friday,2014-11-21
"[15, 18, 22, 24, 41]",1,0,12605206,Tuesday,2014-11-18
"[3, 14, 27, 29, 45]",19,0,10154753,Friday,2014-11-14
"[3, 4, 18, 22, 40]",7,0,7419220,Tuesday,2014-11-11
"[8, 14, 33, 41, 44]",9,0,5083577,Friday,2014-11-07
"[12, 17, 19, 24, 36]",11,0,2446938,Tuesday,2014-11-04
"[4, 16, 21, 35, 36]",6,1,7643015,Friday,2014-10-31
"[9, 10, 17, 23, 33]",18,0,4879836,Tuesday,2014-10-28
"[7, 21, 31, 37, 44]",10,0,2511801,Friday,2014-10-24
"[26, 28, 30, 31, 32]",18,1,18020773,Tuesday,2014-10-21
"[6, 17, 22, 27, 35]",7,0,15537954,Friday,2014-10-17
"[7, 21, 38, 39, 43]",5,0,12630004,Tuesday,2014-10-14
"[4, 9, 14, 17, 26]",2,0,10234836,Friday,2014-10-10
"[6, 11, 20, 36, 45]",12,0,7577958,Tuesday,2014-10-07
"[20, 34, 38, 42, 43]",13,0,5147524,Friday,2014-10-03
"[18, 27, 37, 39, 41]",6,0,2463046,Tuesday,2014-09-30
"[1, 3, 6, 34, 37]",1,1,24613777,Friday,2014-09-26
"[7, 10, 21, 22, 34]",3,0,21227399,Tuesday,2014-09-23
"[9, 13, 25, 28, 34]",3,0,18568981,Friday,2014-09-19
"[7, 12, 28, 43, 44]",8,0,15628950,Tuesday,2014-09-16
"[3, 21, 26, 27, 36]",18,0,13091365,Friday,2014-09-12
"[2, 4, 18, 19, 29]",6,0,10422711,Tuesday,2014-09-09
"[1, 8, 24, 33, 43]",11,0,7961271,Friday,2014-09-05
"[11, 21, 36, 39, 44]",2,0,5210903,Tuesday,2014-09-02
"[15, 23, 30, 41, 43]",13,0,2641026,Friday,2014-08-29
"[4, 12, 28, 29, 36]",3,1,9884843,Tuesday,2014-08-26
"[5, 8, 21, 34, 35]",7,0,7332011,Friday,2014-08-22
"[6, 18, 22, 26, 35]",5,0,4816761,Tuesday,2014-08-19
"[19, 31, 40, 41, 43]",13,0,2563780,Friday,2014-08-15
"[10, 17, 26, 29, 31]",4,1,27720442,Tuesday,2014-08-12
"[10, 23, 35, 37, 39]",12,0,24845463,Friday,2014-08-08
"[14, 32, 35, 37, 40]",3,0,21589344,Tuesday,2014-08-05
"[7, 14, 15, 35, 39]",4,0,18661752,Friday,2014-08-01
"[1, 9, 23, 29, 42]",13,0,15447008,Tuesday,2014-07-29
"[9, 13, 28, 40, 45]",12,0,12778219,Friday,2014-07-25
"[9, 21, 27, 39, 43]",3,0,9867076,Tuesday,2014-07-22
"[14, 17, 19, 22, 35]",17,0,7549451,Friday,2014-07-18
"[22, 24, 29, 36, 43]",13,0,4943211,Tuesday,2014-07-15
"[6, 13, 27, 33, 35]",15,0,2549730,Friday,2014-07-11
"[12, 19, 27, 37, 43]",9,1,5321558,Tuesday,2014-07-08
"[4, 19, 25, 31, 36]",3,0,2868927,Friday,2014-07-04
"[1, 10, 19, 21, 31]",11,1,51255734,Tuesday,2014-07-01
"[11, 12, 14, 30, 32]",2,0,46893695,Friday,2014-06-27
"[4, 5, 6, 12, 30]",16,0,42600444,Tuesday,2014-06-24
"[25, 27, 36, 37, 39]",4,0,39358985,Friday,2014-06-20
"[2, 3, 7, 19, 25]",11,0,35730066,Tuesday,2014-06-17
"[12, 18, 21, 27, 34]",10,0,33482419,Friday,2014-06-13
"[11, 15, 24, 28, 35]",13,0,30055651,Tuesday,2014-06-10
"[4, 10, 16, 29, 42]",11,0,27084423,Friday,2014-06-06
"[23, 28, 30, 41, 43]",12,0,23779202,Tuesday,2014-06-03
"[1, 3, 35, 40, 43]",17,0,20793408,Friday,2014-05-30
"[4, 11, 24, 26, 31]",10,0,17646294,Tuesday,2014-05-27
"[12, 22, 40, 42, 43]",12,0,14945402,Friday,2014-05-23
"[3, 8, 21, 35, 45]",7,0,12145900,Tuesday,2014-05-20
"[8, 22, 25, 34, 37]",5,0,9830996,Friday,2014-05-16
"[1, 4, 20, 24, 38]",20,0,7188685,Tuesday,2014-05-13
"[1, 5, 22, 26, 34]",16,0,4945586,Friday,2014-05-09
"[4, 15, 26, 37, 40]",20,0,2417505,Tuesday,2014-05-06
"[11, 14, 24, 36, 41]",11,1,33488192,Friday,2014-05-02
"[12, 20, 31, 40, 44]",14,0,29947380,Tuesday,2014-04-29
"[13, 15, 28, 29, 30]",7,0,27138366,Friday,2014-04-25
"[3, 22, 28, 30, 42]",11,0,23850229,Tuesday,2014-04-22
"[2, 6, 10, 11, 37]",14,0,20838085,Tuesday,2014-04-15
"[17, 23, 33, 41, 42]",18,0,18182292,Friday,2014-04-11
"[1, 2, 10, 33, 45]",18,0,15289005,Tuesday,2014-04-08
"[3, 16, 22, 24, 44]",15,0,12725011,Friday,2014-04-04
"[14, 17, 24, 27, 34]",4,0,9830737,Tuesday,2014-04-01
"[2, 3, 7, 35, 41]",16,0,7145945,Friday,2014-03-28
"[2, 17, 19, 29, 34]",3,0,4327892,Tuesday,2014-03-25
"[7, 8, 14, 18, 38]",14,0,2064011,Friday,2014-03-21
"[1, 13, 17, 32, 35]",13,1,18126492,Tuesday,2014-03-18
"[3, 15, 29, 34, 44]",7,0,15646352,Friday,2014-03-14
"[9, 19, 21, 25, 37]",16,0,12662863,Tuesday,2014-03-11
"[16, 18, 22, 37, 38]",3,0,10227327,Friday,2014-03-07
"[2, 7, 26, 28, 30]",4,0,7488176,Tuesday,2014-03-04
"[11, 14, 32, 42, 45]",18,0,4963906,Friday,2014-02-28
"[4, 7, 12, 27, 44]",17,0,2224363,Tuesday,2014-02-25
"[2, 8, 19, 38, 44]",11,1,14748360,Friday,2014-02-21
"[2, 26, 36, 42, 43]",3,0,12166857,Tuesday,2014-02-18
"[6, 9, 18, 21, 24]",8,0,9886597,Friday,2014-02-14
"[3, 7, 10, 13, 40]",5,0,7266302,Tuesday,2014-02-11
"[7, 13, 20, 21, 36]",9,0,5011934,Friday,2014-02-07
"[4, 20, 21, 29, 40]",10,0,2424345,Tuesday,2014-02-04
"[10, 20, 25, 26, 42]",14,1,5046852,Friday,2014-01-31
"[1, 8, 22, 40, 43]",13,0,2341205,Tuesday,2014-01-28
"[10, 15, 20, 33, 38]",7,1,24931230,Friday,2014-01-24
"[1, 6, 9, 15, 39]",9,0,21876465,Tuesday,2014-01-21
"[10, 16, 23, 26, 33]",1,0,19447762,Friday,2014-01-17
"[31, 34, 37, 42, 43]",8,0,16770428,Tuesday,2014-01-14
"[4, 7, 24, 36, 39]",7,0,14521796,Friday,2014-01-10
"[28, 37, 39, 43, 44]",18,0,11900280,Tuesday,2014-01-07
"[10, 11, 19, 23, 28]",3,0,9469170,Friday,2014-01-03
"[5, 7, 14, 25, 30]",3,0,14453929,Tuesday,2015-12-29
"[3, 8, 16, 38, 43]",9,0,10474423,Tuesday,2015-12-22
"[3, 35, 40, 43, 45]",5,0,6900568,Friday,2015-12-18
"[4, 11, 18, 20, 42]",12,0,3334449,Tuesday,2015-12-15
"[1, 3, 5, 11, 38]",13,1,3309235,Friday,2015-12-11
"[7, 10, 12, 24, 26]",7,1,61261924,Tuesday,2015-12-08
"[7, 18, 34, 35, 41]",1,0,55677787,Friday,2015-12-04
"[4, 10, 18, 23, 34]",1,0,50000000,Tuesday,2015-12-01
"[1, 19, 28, 42, 44]",18,0,10441437,Friday,2015-11-27
"[30, 33, 34, 44, 45]",8,0,7132541,Tuesday,2015-11-24
"[10, 16, 29, 37, 41]",7,0,4814806,Friday,2015-11-20
"[17, 29, 35, 38, 40]",13,0,2264233,Tuesday,2015-11-17
"[2, 11, 16, 31, 45]",20,1,31637127,Friday,2015-11-13
"[6, 21, 22, 28, 43]",2,0,27472010,Tuesday,2015-11-10
"[19, 24, 30, 40, 42]",10,0,24079057,Friday,2015-11-06
"[1, 7, 10, 37, 45]",3,0,20356185,Tuesday,2015-11-03
"[3, 6, 18, 40, 44]",12,0,16975594,Friday,2015-10-30
"[5, 13, 18, 27, 41]",3,0,13817155,Tuesday,2015-10-27
"[1, 5, 27, 33, 37]",10,0,11334386,Friday,2015-10-23
"[13, 14, 17, 35, 44]",6,0,8769221,Tuesday,2015-10-20
"[28, 34, 41, 42, 45]",8,0,6628346,Friday,2015-10-16
"[7, 11, 14, 23, 34]",3,0,4254287,Tuesday,2015-10-13
"[14, 17, 32, 41, 43]",5,0,2223217,Friday,2015-10-09
"[24, 35, 38, 42, 44]",9,1,11598777,Tuesday,2015-10-06
"[6, 9, 14, 32, 43]",1,0,9271329,Friday,2015-10-02
"[10, 11, 12, 24, 35]",19,0,6585600,Tuesday,2015-09-29
"[14, 20, 21, 26, 32]",12,0,4279367,Friday,2015-09-25
"[2, 21, 22, 25, 31]",19,0,1993391,Tuesday,2015-09-22
"[5, 17, 25, 40, 45]",6,1,14990490,Friday,2015-09-18
"[5, 19, 21, 42, 43]",17,0,12343648,Tuesday,2015-09-15
"[2, 6, 22, 23, 41]",9,0,9910361,Friday,2015-09-11
"[1, 12, 13, 14, 23]",20,0,7363009,Tuesday,2015-09-08
"[1, 25, 29, 43, 44]",13,0,4985563,Friday,2015-09-04
"[23, 30, 31, 44, 45]",7,0,2444181,Tuesday,2015-09-01
"[10, 16, 18, 20, 31]",17,0,9311510,Friday,2015-08-28
"[2, 11, 19, 20, 31]",10,0,6660697,Tuesday,2015-08-25
"[8, 14, 23, 26, 45]",1,0,3000000,Friday,2015-08-21
"[6, 20, 30, 40, 43]",13,0,2083281,Tuesday,2015-08-18
"[2, 17, 26, 32, 43]",11,1,14473549,Friday,2015-08-14
"[11, 14, 20, 24, 44]",16,0,11000000,Tuesday,2015-08-11
"[9, 10, 19, 28, 45]",12,0,9744885,Friday,2015-08-07
"[4, 7, 8, 26, 36]",13,0,6000000,Tuesday,2015-08-04
"[4, 9, 28, 35, 38]",14,0,4785480,Friday,2015-07-31
"[6, 21, 23, 36, 43]",18,0,1000000,Tuesday,2015-07-28
"[12, 34, 35, 38, 39]",3,1,20814583,Friday,2015-07-24
"[4, 18, 19, 21, 29]",17,0,18000000,Tuesday,2015-07-21
"[8, 23, 24, 42, 44]",4,0,13000000,Friday,2015-07-17
"[8, 12, 15, 25, 36]",10,0,11000000,Tuesday,2015-07-14
"[10, 11, 14, 19, 34]",14,0,8000000,Friday,2015-07-10
"[11, 16, 20, 22, 38]",5,0,8780371,Tuesday,2015-07-07
"[2, 9, 19, 24, 26]",14,0,5000000,Friday,2015-07-03
"[12, 15, 25, 39, 44]",19,0,3000000,Tuesday,2015-06-30
"[11, 12, 24, 27, 32]",20,0,2000000,Friday,2015-06-26
"[4, 11, 19, 24, 42]",6,1,24007351,Tuesday,2015-06-23
"[1, 22, 29, 34, 35]",15,0,21000000,Friday,2015-06-19
"[10, 13, 15, 22, 30]",1,0,19766206,Tuesday,2015-06-16
"[21, 26, 28, 30, 44]",10,0,18174406,Friday,2015-06-12
"[2, 8, 16, 18, 30]",12,0,16279302,Tuesday,2015-06-09
"[5, 9, 21, 25, 35]",4,0,14609077,Friday,2015-06-05
"[6, 8, 11, 19, 22]",17,0,12500000,Tuesday,2015-06-02
"[4, 12, 17, 25, 29]",5,0,12520572,Friday,2015-05-29
"[12, 13, 20, 31, 36]",19,0,9906982,Tuesday,2015-05-26
"[9, 31, 32, 40, 41]",10,0,7338342,Friday,2015-05-22
"[3, 21, 25, 26, 36]",1,0,4826424,Tuesday,2015-05-19
"[8, 26, 40, 44, 45]",7,0,2585051,Friday,2015-05-15
"[18, 21, 24, 28, 41]",15,0,21904212,Tuesday,2015-05-12
"[2, 22, 37, 38, 43]",15,0,19116039,Friday,2015-05-08
"[4, 8, 18, 22, 38]",15,0,15988177,Tuesday,2015-05-05
"[4, 8, 20, 35, 45]",16,0,13064172,Friday,2015-05-01
"[11, 27, 37, 39, 44]",3,0,10357712,Tuesday,2015-04-28
"[4, 13, 20, 31, 38]",1,0,7916094,Friday,2015-04-24
"[7, 9, 22, 28, 35]",15,0,5066208,Tuesday,2015-04-21
"[5, 6, 26, 31, 41]",16,0,2706432,Friday,2015-04-17
"[20, 22, 23, 29, 33]",19,1,51844047,Tuesday,2015-04-14
"[12, 13, 17, 22, 28]",18,0,47400260,Friday,2015-04-10
"[5, 16, 22, 24, 40]",7,0,42853921,Tuesday,2015-04-07
"[5, 6, 20, 26, 27]",15,0,38252123,Tuesday,2015-03-31
"[8, 23, 33, 35, 40]",17,0,34365981,Friday,2015-03-27
"[5, 17, 21, 25, 36]",16,0,30350080,Tuesday,2015-03-24
"[11, 17, 27, 34, 42]",9,0,27277723,Friday,2015-03-20
"[12, 15, 26, 34, 41]",16,0,23928534,Tuesday,2015-03-17
"[18, 19, 20, 22, 43]",6,0,21126851,Friday,2015-03-13
"[24, 26, 27, 31, 33]",18,0,18012143,Tuesday,2015-03-10
"[10, 21, 23, 25, 45]",9,0,15345863,Friday,2015-03-06
"[1, 27, 30, 33, 38]",9,0,12330006,Tuesday,2015-03-03
"[4, 9, 27, 31, 41]",11,0,9559878,Friday,2015-02-27
"[13, 14, 18, 25, 39]",20,0,6640176,Tuesday,2015-02-24
"[2, 11, 12, 19, 40]",12,0,4483459,Friday,2015-02-20
"[1, 5, 9, 18, 40]",17,0,2101752,Tuesday,2015-02-17
"[6, 11, 20, 27, 37]",20,1,7098882,Friday,2015-02-13
"[10, 20, 27, 31, 33]",6,0,4578369,Tuesday,2015-02-10
"[17, 23, 36, 38, 42]",2,0,2408381,Friday,2015-02-06
"[11, 12, 25, 41, 42]",20,1,5214968,Tuesday,2015-02-03
"[4, 23, 25, 43, 45]",17,0,2679905,Friday,2015-01-30
"[12, 26, 28, 31, 35]",13,1,6963402,Tuesday,2015-01-27
"[1, 8, 11, 29, 34]",13,0,4648732,Friday,2015-01-23
"[3, 4, 23, 31, 35]",5,0,2112332,Tuesday,2015-01-20
"[5, 7, 14, 29, 42]",4,1,9633526,Friday,2015-01-16
"[3, 9, 15, 18, 35]",17,0,6972329,Tuesday,2015-01-13
"[2, 13, 15, 17, 31]",5,0,4710307,Friday,2015-01-09
"[2, 9, 14, 18, 20]",20,0,2259813,Tuesday,2015-01-06
"[1, 14, 21, 41, 43]",16,1,8728070,Friday,2015-01-02
"[14, 31, 33, 42, 44]",15,0,15632110,Friday,2016-12-30
"[8, 16, 20, 21, 36]",4,0,12644894,Tuesday,2016-12-27
"[1, 4, 6, 11, 16]",2,0,10615653,Friday,2016-12-23
"[1, 9, 17, 20, 23]",12,0,7581323,Tuesday,2016-12-20
"[8, 15, 26, 28, 35]",10,0,4976036,Friday,2016-12-16
"[7, 8, 23, 26, 33]",16,0,2488247,Tuesday,2016-12-13
"[1, 2, 8, 10, 14]",9,1,8446049,Friday,2016-12-09
"[1, 24, 29, 33, 38]",20,0,5648287,Tuesday,2016-12-06
"[1, 11, 24, 28, 42]",9,0,3033004,Friday,2016-12-02
"[4, 9, 22, 31, 41]",12,1,14615519,Tuesday,2016-11-29
"[5, 21, 22, 28, 33]",18,0,10933113,Friday,2016-11-25
"[17, 18, 19, 25, 36]",13,0,7690547,Tuesday,2016-11-22
"[2, 7, 12, 18, 21]",10,0,5317820,Friday,2016-11-18
"[11, 17, 23, 42, 45]",13,0,2482701,Tuesday,2016-11-15
"[1, 3, 20, 35, 36]",12,1,57782113,Friday,2016-11-11
"[5, 30, 40, 43, 44]",2,0,53047670,Tuesday,2016-11-08
"[5, 14, 23, 31, 36]",19,0,48817714,Friday,2016-11-04
"[24, 25, 26, 37, 44]",12,0,43940234,Tuesday,2016-11-01
"[9, 10, 18, 25, 36]",3,0,39799414,Friday,2016-10-28
"[8, 24, 27, 30, 43]",14,0,35487673,Tuesday,2016-10-25
"[8, 15, 20, 22, 29]",19,0,31764977,Friday,2016-10-21
"[7, 19, 35, 41, 44]",16,0,27922491,Tuesday,2016-10-18
"[4, 12, 31, 38, 40]",3,0,24733795,Friday,2016-10-14
"[15, 23, 24, 26, 36]",19,0,21128906,Tuesday,2016-10-11
"[2, 14, 24, 34, 45]",7,0,18044209,Friday,2016-10-07
"[4, 16, 18, 25, 30]",6,0,15018042,Tuesday,2016-10-04
"[5, 15, 16, 25, 36]",16,0,11936500,Friday,2016-09-30
"[3, 11, 34, 37, 45]",15,0,8494232,Tuesday,2016-09-27
"[3, 11, 30, 32, 37]",3,0,5623726,Friday,2016-09-23
"[2, 18, 29, 32, 44]",20,0,2583659,Tuesday,2016-09-20
"[1, 12, 33, 34, 37]",16,1,62996196,Friday,2016-09-16
"[1, 5, 16, 21, 40]",2,0,57311221,Tuesday,2016-09-13
"[2, 18, 35, 37, 41]",15,0,52590504,Friday,2016-09-09
"[4, 18, 39, 43, 44]",12,0,47437328,Tuesday,2016-09-06
"[20, 23, 30, 38, 41]",10,0,43182906,Friday,2016-09-02
"[4, 9, 14, 18, 34]",10,0,38422399,Tuesday,2016-08-30
"[2, 12, 14, 32, 42]",8,0,34402768,Friday,2016-08-26
"[9, 13, 19, 26, 43]",8,0,30000000,Tuesday,2016-08-23
"[6, 18, 32, 33, 36]",4,0,22910098,Friday,2016-08-19
"[7, 8, 16, 30, 44]",14,0,19192247,Tuesday,2016-08-16
"[10, 15, 35, 38, 39]",13,0,16231471,Friday,2016-08-12
"[5, 13, 17, 24, 36]",18,0,13056538,Tuesday,2016-08-09
"[3, 21, 34, 37, 40]",20,0,10444541,Friday,2016-08-05
"[8, 11, 14, 30, 42]",8,0,7134240,Tuesday,2016-08-02
"[4, 12, 31, 41, 42]",19,0,3982870,Friday,2016-07-29
"[1, 6, 16, 22, 25]",13,1,3114397,Tuesday,2016-07-26
"[1, 7, 16, 28, 35]",3,1,87624435,Friday,2016-07-22
"[2, 31, 34, 38, 39]",5,0,78414357,Tuesday,2016-07-19
"[2, 14, 31, 34, 37]",12,0,71010601,Friday,2016-07-15
"[4, 12, 23, 31, 41]",5,0,63240757,Tuesday,2016-07-12
"[1, 12, 26, 36, 37]",3,0,57081521,Friday,2016-07-08
"[9, 17, 19, 29, 42]",15,0,51271198,Tuesday,2016-07-05
"[17, 20, 22, 27, 41]",18,0,46322732,Friday,2016-07-01
"[4, 5, 7, 10, 34]",16,0,41426975,Tuesday,2016-06-28
"[1, 7, 9, 21, 43]",9,0,37345121,Friday,2016-06-24
"[3, 13, 22, 26, 43]",18,0,33387306,Tuesday,2016-06-21
"[7, 9, 23, 39, 45]",10,0,30428841,Friday,2016-06-17
"[20, 24, 40, 44, 45]",17,0,27275311,Tuesday,2016-06-14
"[3, 6, 17, 21, 27]",10,0,24430395,Friday,2016-06-10
"[3, 4, 11, 23, 37]",17,0,21073409,Tuesday,2016-06-07
"[7, 14, 20, 37, 43]",12,0,17730003,Friday,2016-06-03
"[3, 28, 38, 39, 42]",16,0,14225490,Tuesday,2016-05-31
"[7, 15, 24, 28, 29]",2,0,10909441,Friday,2016-05-27
"[8, 12, 23, 24, 31]",15,0,7732372,Tuesday,2016-05-24
"[21, 29, 32, 36, 43]",3,0,5316248,Friday,2016-05-20
"[8, 15, 17, 24, 30]",18,0,2584881,Tuesday,2016-05-17
"[3, 5, 23, 29, 37]",20,1,3065946,Friday,2016-05-13
"[5, 20, 26, 27, 33]",18,1,28013570,Tuesday,2016-05-10
"[3, 13, 24, 41, 44]",5,0,24470209,Friday,2016-05-06
"[1, 15, 23, 32, 41]",11,0,20761394,Tuesday,2016-05-03
"[3, 11, 22, 35, 41]",9,0,17801150,Friday,2016-04-29
"[1, 3, 16, 19, 31]",13,0,14334413,Tuesday,2016-04-26
"[1, 4, 12, 18, 29]",16,0,10657759,Friday,2016-04-22
"[10, 11, 12, 32, 33]",17,0,6804669,Tuesday,2016-04-19
"[20, 29, 33, 37, 38]",6,0,3663154,Friday,2016-04-15
"[2, 16, 18, 20, 24]",16,1,21476917,Tuesday,2016-04-12
"[24, 28, 34, 35, 43]",13,0,17824848,Friday,2016-04-08
"[4, 24, 27, 36, 40]",8,0,14255466,Tuesday,2016-04-05
"[11, 15, 31, 37, 43]",11,0,10967241,Friday,2016-04-01
"[4, 28, 37, 40, 45]",14,0,7291180,Tuesday,2016-03-29
"[1, 7, 12, 21, 33]",2,0,4710153,Friday,2016-03-25
"[11, 13, 23, 42, 43]",4,0,2344820,Tuesday,2016-03-22
"[14, 17, 26, 32, 33]",14,1,5667711,Friday,2016-03-18
"[4, 7, 32, 41, 44]",11,0,2725461,Tuesday,2016-03-15
"[1, 2, 3, 13, 34]",11,1,32759712,Friday,2016-03-11
"[2, 6, 15, 26, 39]",12,0,28563953,Tuesday,2016-03-08
"[1, 6, 30, 40, 43]",6,0,24800207,Friday,2016-03-04
"[4, 8, 15, 17, 27]",1,0,20773892,Tuesday,2016-03-01
"[5, 12, 35, 36, 38]",17,0,16867641,Friday,2016-02-26
"[3, 15, 16, 23, 24]",3,0,13115997,Tuesday,2016-02-23
"[12, 14, 15, 23, 41]",18,0,10366673,Friday,2016-02-19
"[5, 9, 11, 14, 42]",7,0,7456448,Tuesday,2016-02-16
"[9, 32, 40, 42, 44]",19,0,5228465,Friday,2016-02-12
"[14, 21, 41, 42, 43]",4,0,2509906,Tuesday,2016-02-09
"[6, 15, 16, 31, 40]",9,1,12903144,Friday,2016-02-05
"[7, 8, 32, 35, 44]",9,0,9619140,Tuesday,2016-02-02
"[5, 14, 20, 24, 28]",5,0,6466443,Friday,2016-01-29
"[3, 12, 16, 27, 37]",12,0,2974591,Tuesday,2016-01-26
"[1, 5, 15, 23, 43]",11,1,42096153,Friday,2016-01-22
"[1, 4, 9, 35, 39]",5,0,36781385,Tuesday,2016-01-19
"[4, 9, 19, 31, 32]",1,0,32259460,Friday,2016-01-15
"[10, 16, 27, 29, 36]",13,0,27546371,Tuesday,2016-01-12
"[15, 17, 38, 39, 43]",11,0,24033785,Friday,2016-01-08
"[24, 29, 38, 39, 45]",18,0,20444132,Tuesday,2016-01-05
"[13, 17, 24, 34, 40]",18,0,16762455,Friday,2016-01-01
"[3, 7, 21, 41, 42]",18,0,55525530,Friday,2017-12-29
"[13, 14, 29, 42, 44]",4,0,51954335,Tuesday,2017-12-26
"[5, 9, 16, 19, 31]",3,0,50000000,Friday,2017-12-22
"[3, 7, 11, 43, 44]",4,0,18821597,Tuesday,2017-12-19
"[2, 9, 10, 17, 44]",18,0,16285704,Friday,2017-12-15
"[7, 10, 15, 24, 39]",19,0,13652870,Tuesday,2017-12-12
"[3, 8, 17, 22, 27]",13,0,11496343,Friday,2017-12-08
"[4, 8, 19, 32, 40]",18,0,9203055,Tuesday,2017-12-05
"[8, 11, 22, 28, 29]",1,0,6970652,Friday,2017-12-01
"[7, 11, 28, 38, 39]",14,0,4427622,Tuesday,2017-11-28
"[4, 14, 29, 37, 43]",18,0,2245605,Friday,2017-11-24
"[16, 23, 32, 34, 41]",18,1,19512719,Tuesday,2017-11-21
"[13, 14, 24, 36, 42]",20,0,17181000,Friday,2017-11-17
"[8, 21, 25, 34, 41]",20,0,14508542,Tuesday,2017-11-14
"[13, 28, 31, 33, 44]",8,0,12262447,Friday,2017-11-10
"[9, 10, 22, 34, 44]",18,0,9863835,Tuesday,2017-11-07
"[3, 17, 19, 23, 44]",19,0,7563355,Friday,2017-11-03
"[6, 10, 16, 36, 43]",17,0,4856419,Tuesday,2017-10-31
"[14, 15, 21, 29, 45]",6,0,2506843,Friday,2017-10-27
"[13, 26, 37, 42, 44]",3,1,13880564,Tuesday,2017-10-24
"[19, 20, 24, 26, 30]",20,0,11792441,Friday,2017-10-20
"[1, 3, 10, 39, 43]",13,0,9452457,Tuesday,2017-10-17
"[5, 8, 25, 30, 32]",17,0,7385837,Friday,2017-10-13
"[13, 15, 25, 29, 39]",14,0,4751801,Tuesday,2017-10-10
"[18, 22, 23, 31, 38]",17,0,2608171,Friday,2017-10-06
"[7, 26, 35, 36, 39]",14,1,13019620,Tuesday,2017-10-03
"[26, 28, 32, 39, 42]",9,0,10435863,Friday,2017-09-29
"[9, 17, 33, 42, 45]",13,0,7662027,Tuesday,2017-09-26
"[4, 12, 28, 30, 39]",3,0,5516383,Friday,2017-09-22
"[15, 22, 25, 36, 39]",19,0,2655177,Tuesday,2017-09-19
"[11, 16, 24, 28, 44]",6,1,8757520,Friday,2017-09-15
"[2, 3, 11, 29, 41]",15,0,5670504,Tuesday,2017-09-12
"[6, 7, 34, 39, 42]",12,0,2948499,Friday,2017-09-08
"[2, 13, 14, 15, 32]",6,1,2925153,Tuesday,2017-09-05
"[11, 13, 31, 39, 41]",15,1,3314549,Friday,2017-09-01
"[12, 13, 17, 19, 34]",11,1,24571442,Tuesday,2017-08-29
"[2, 15, 23, 28, 32]",2,0,21550259,Friday,2017-08-25
"[15, 19, 31, 36, 44]",9,0,18182778,Tuesday,2017-08-22
"[13, 23, 30, 34, 40]",11,0,15958957,Friday,2017-08-18
"[4, 17, 27, 34, 35]",5,0,13418214,Tuesday,2017-08-15
"[11, 28, 31, 32, 41]",18,0,10975395,Friday,2017-08-11
"[3, 5, 12, 14, 22]",9,0,8273003,Tuesday,2017-08-08
"[15, 17, 24, 25, 28]",17,0,5855563,Friday,2017-08-04
"[5, 18, 36, 40, 42]",5,0,2854749,Tuesday,2017-08-01
"[7, 28, 30, 35, 39]",1,1,41030556,Friday,2017-07-28
"[12, 18, 22, 29, 44]",6,0,36197978,Tuesday,2017-07-25
"[7, 20, 29, 40, 43]",6,0,32594115,Friday,2017-07-21
"[23, 25, 30, 40, 43]",20,0,28942644,Tuesday,2017-07-18
"[21, 28, 29, 31, 35]",8,0,26061833,Friday,2017-07-14
"[2, 15, 19, 27, 34]",19,0,22825809,Tuesday,2017-07-11
"[9, 16, 18, 32, 43]",2,0,19973254,Friday,2017-07-07
"[5, 7, 10, 15, 30]",5,0,16672589,Tuesday,2017-07-04
"[4, 5, 10, 23, 28]",3,0,13843587,Friday,2017-06-30
"[26, 27, 30, 32, 45]",16,0,10365692,Tuesday,2017-06-27
"[14, 20, 33, 44, 45]",19,0,7654563,Friday,2017-06-23
"[14, 21, 28, 38, 40]",18,0,4822004,Tuesday,2017-06-20
"[4, 7, 25, 28, 33]",14,0,2432126,Friday,2017-06-16
"[13, 18, 32, 36, 45]",14,1,30859279,Tuesday,2017-06-13
"[11, 12, 17, 19, 35]",1,0,28039906,Friday,2017-06-09
"[1, 27, 28, 32, 43]",12,0,24709647,Tuesday,2017-06-06
"[7, 11, 16, 38, 45]",20,0,21714414,Friday,2017-06-02
"[12, 14, 25, 26, 39]",2,0,18422942,Tuesday,2017-05-30
"[13, 26, 29, 31, 37]",7,0,15590619,Friday,2017-05-26
"[4, 7, 15, 22, 26]",4,0,12660536,Tuesday,2017-05-23
"[1, 2, 9, 17, 37]",7,0,10272162,Friday,2017-05-19
"[9, 20, 30, 36, 38]",13,0,7683882,Tuesday,2017-05-16
"[1, 3, 15, 30, 37]",5,0,5288211,Friday,2017-05-12
"[18, 19, 23, 37, 43]",14,0,2604193,Tuesday,2017-05-09
"[8, 9, 21, 24, 26]",4,1,11685602,Friday,2017-05-05
"[2, 10, 12, 27, 32]",13,0,8383129,Tuesday,2017-05-02
"[8, 23, 24, 40, 44]",7,0,5711135,Friday,2017-04-28
"[2, 19, 25, 30, 32]",13,0,2770549,Tuesday,2017-04-25
"[3, 7, 11, 29, 40]",18,1,32259432,Friday,2017-04-21
"[2, 5, 21, 24, 25]",1,0,28169681,Tuesday,2017-04-18
"[13, 17, 20, 33, 42]",4,0,24107856,Friday,2017-04-14
"[14, 18, 24, 27, 38]",18,0,20137388,Tuesday,2017-04-11
"[20, 21, 24, 34, 43]",20,0,15551281,Friday,2017-04-07
"[10, 19, 28, 33, 34]",1,0,10072936,Tuesday,2017-04-04
"[9, 11, 20, 22, 36]",13,0,5143915,Friday,2017-03-31
"[2, 6, 7, 22, 27]",3,1,4665459,Tuesday,2017-03-28
"[1, 3, 5, 13, 15]",11,1,30562982,Friday,2017-03-24
"[7, 9, 10, 33, 34]",14,0,25807389,Tuesday,2017-03-21
"[6, 15, 20, 31, 37]",8,0,22613613,Friday,2017-03-17
"[11, 19, 31, 33, 36]",10,0,18693283,Tuesday,2017-03-14
"[11, 20, 24, 28, 33]",2,0,15282392,Friday,2017-03-10
"[6, 10, 14, 35, 44]",5,0,11251326,Tuesday,2017-03-07
"[1, 19, 24, 34, 41]",16,0,7715443,Friday,2017-03-03
"[9, 15, 20, 42, 45]",5,0,3564622,Tuesday,2017-02-28
"[6, 9, 20, 30, 38]",11,1,9460075,Friday,2017-02-24
"[9, 11, 14, 29, 37]",5,0,5918541,Tuesday,2017-02-21
"[9, 20, 23, 39, 42]",6,0,3253095,Friday,2017-02-17
"[5, 12, 14, 39, 42]",17,0,8028626,Tuesday,2017-02-14
"[1, 12, 21, 24, 42]",5,0,5038569,Friday,2017-02-10
"[7, 16, 18, 30, 39]",2,0,2430092,Tuesday,2017-02-07
"[20, 22, 37, 39, 43]",17,1,2927710,Friday,2017-02-03
"[2, 9, 31, 40, 45]",3,1,2597450,Tuesday,2017-01-31
"[4, 5, 16, 28, 30]",10,1,5454151,Friday,2017-01-27
"[7, 19, 33, 35, 39]",5,0,2417562,Tuesday,2017-01-24
"[5, 7, 17, 23, 41]",6,1,35166667,Friday,2017-01-20
"[12, 29, 35, 36, 41]",10,0,30973817,Tuesday,2017-01-17
"[14, 20, 21, 26, 38]",18,0,27585225,Friday,2017-01-13
"[6, 20, 25, 28, 31]",10,0,23654977,Tuesday,2017-01-10
"[11, 14, 30, 40, 42]",9,0,20999992,Friday,2017-01-06
"[6, 16, 26, 29, 31]",8,0,18003174,Tuesday,2017-01-03
"[18, 21, 30, 32, 50]",8,0,50000000,Friday,2018-12-28
"[13, 16, 28, 29, 30]",7,0,31954159,Tuesday,2018-12-25
"[22, 34, 40, 44, 48]",2,0,29502785,Friday,2018-12-21
"[3, 5, 14, 20, 32]",16,0,25059495,Tuesday,2018-12-18
"[4, 5, 9, 16, 20]",3,0,21705676,Friday,2018-12-14
"[7, 29, 39, 42, 48]",7,0,17785459,Tuesday,2018-12-11
"[3, 6, 22, 33, 47]",15,0,14623900,Friday,2018-12-07
"[5, 13, 20, 33, 34]",6,0,10837919,Tuesday,2018-12-04
"[12, 15, 25, 29, 49]",7,0,7385137,Friday,2018-11-30
"[12, 27, 39, 41, 46]",10,0,3638366,Tuesday,2018-11-27
"[3, 6, 8, 23, 30]",8,1,7453480,Friday,2018-11-23
"[14, 32, 33, 37, 47]",15,0,3450129,Tuesday,2018-11-20
"[20, 24, 32, 33, 35]",18,1,36904117,Friday,2018-11-16
"[4, 6, 19, 24, 41]",8,0,24382438,Tuesday,2018-11-13
"[6, 7, 10, 19, 43]",20,0,20745337,Friday,2018-11-09
"[10, 20, 48, 49, 50]",12,0,16255931,Tuesday,2018-11-06
"[2, 30, 36, 42, 47]",13,0,12318114,Friday,2018-11-02
"[19, 20, 24, 27, 29]",19,0,8053318,Tuesday,2018-10-30
"[2, 15, 19, 24, 38]",20,0,4346525,Friday,2018-10-26
"[4, 17, 21, 28, 48]",20,1,41326687,Tuesday,2018-10-23
"[1, 32, 39, 41, 43]",6,0,37511603,Friday,2018-10-19
"[2, 8, 27, 35, 41]",8,0,32980748,Tuesday,2018-10-16
"[1, 2, 11, 19, 44]",8,0,29062467,Friday,2018-10-12
"[5, 13, 22, 24, 40]",5,0,24783798,Tuesday,2018-10-09
"[32, 36, 42, 46, 49]",11,0,20916287,Friday,2018-10-05
"[3, 7, 15, 24, 35]",18,0,16381958,Tuesday,2018-10-02
"[7, 24, 31, 36, 50]",2,0,12150201,Friday,2018-09-28
"[7, 15, 17, 30, 40]",11,0,7670329,Tuesday,2018-09-25
"[28, 32, 39, 43, 46]",8,0,4477915,Friday,2018-09-21
"[15, 22, 23, 31, 38]",1,1,64426934,Tuesday,2018-09-18
"[10, 17, 29, 31, 40]",9,0,58559656,Friday,2018-09-14
"[3, 26, 34, 40, 50]",12,0,52338634,Tuesday,2018-09-11
"[9, 11, 20, 28, 44]",6,0,47149329,Friday,2018-09-07
"[3, 13, 24, 25, 41]",8,0,41363156,Tuesday,2018-09-04
"[7, 38, 42, 43, 47]",3,0,36292143,Friday,2018-08-31
"[4, 13, 21, 41, 44]",15,0,30591307,Tuesday,2018-08-28
"[3, 6, 25, 27, 40]",4,0,25757420,Friday,2018-08-24
"[19, 21, 23, 34, 45]",9,0,21110773,Tuesday,2018-08-21
"[9, 19, 24, 35, 42]",10,0,17383845,Friday,2018-08-17
"[13, 29, 32, 38, 45]",5,0,12938864,Tuesday,2018-08-14
"[3, 10, 14, 43, 50]",14,0,10000000,Friday,2018-08-10
"[2, 3, 19, 24, 30]",3,0,4603902,Tuesday,2018-08-07
"[1, 15, 23, 24, 35]",4,1,145469799,Friday,2018-08-03
"[3, 6, 14, 34, 36]",12,0,128039794,Tuesday,2018-07-31
"[4, 15, 19, 33, 36]",2,0,113951195,Friday,2018-07-27
"[9, 15, 18, 24, 29]",19,0,100000000,Tuesday,2018-07-24
"[9, 21, 22, 33, 39]",5,0,86703027,Friday,2018-07-20
"[12, 26, 34, 35, 44]",4,0,79463002,Tuesday,2018-07-17
"[13, 14, 34, 38, 45]",11,0,73530491,Friday,2018-07-13
"[1, 31, 34, 38, 46]",12,0,66683631,Tuesday,2018-07-10
"[8, 16, 19, 35, 39]",11,0,61079560,Friday,2018-07-06
"[3, 38, 48, 49, 50]",18,0,55151797,Tuesday,2018-07-03
"[15, 22, 25, 31, 37]",16,0,50000000,Friday,2018-06-29
"[15, 25, 39, 43, 50]",14,0,16899631,Tuesday,2018-06-26
"[2, 6, 13, 14, 19]",17,0,13544351,Friday,2018-06-22
"[12, 20, 23, 24, 37]",4,0,10000000,Tuesday,2018-06-19
"[8, 9, 14, 28, 41]",9,0,7400000,Friday,2018-06-15
"[3, 5, 31, 35, 37]",13,0,5200000,Tuesday,2018-06-12
"[3, 13, 25, 26, 34]",13,0,2652253,Friday,2018-06-08
"[10, 13, 28, 33, 45]",14,1,53792760,Tuesday,2018-06-05
"[1, 37, 40, 41, 43]",4,0,50000000,Friday,2018-06-01
"[12, 21, 31, 37, 41]",13,0,43411476,Tuesday,2018-05-29
"[6, 11, 23, 36, 37]",13,0,40265531,Friday,2018-05-25
"[3, 10, 15, 19, 44]",14,0,36502850,Tuesday,2018-05-22
"[6, 10, 11, 28, 40]",7,0,33558821,Friday,2018-05-18
"[5, 10, 20, 27, 40]",10,0,30513456,Tuesday,2018-05-15
"[8, 22, 33, 40, 43]",3,0,27613115,Friday,2018-05-11
"[3, 4, 6, 26, 44]",5,0,24533247,Tuesday,2018-05-08
"[4, 9, 11, 12, 25]",6,0,21733974,Friday,2018-05-04
"[8, 17, 29, 40, 42]",11,0,18603122,Tuesday,2018-05-01
"[2, 8, 12, 20, 43]",6,0,16333153,Friday,2018-04-27
"[6, 16, 17, 39, 43]",4,0,13783738,Tuesday,2018-04-24
"[5, 13, 20, 31, 35]",9,0,11680229,Friday,2018-04-20
"[3, 6, 7, 16, 33]",17,0,9304584,Tuesday,2018-04-17
"[6, 9, 21, 23, 30]",14,0,7190811,Friday,2018-04-13
"[2, 14, 17, 31, 34]",19,0,4728819,Tuesday,2018-04-10
"[3, 11, 26, 35, 43]",3,0,2525476,Friday,2018-04-06
"[4, 13, 16, 33, 40]",2,1,36895720,Tuesday,2018-04-03
"[8, 19, 34, 37, 41]",11,0,34066280,Friday,2018-03-30
"[4, 9, 12, 18, 31]",6,0,31201787,Tuesday,2018-03-27
"[3, 23, 24, 35, 37]",9,0,28335834,Friday,2018-03-23
"[5, 21, 35, 37, 40]",9,0,25527542,Tuesday,2018-03-20
"[8, 17, 29, 31, 38]",5,0,23233808,Friday,2018-03-16
"[13, 26, 31, 37, 43]",15,0,20523588,Tuesday,2018-03-13
"[9, 11, 20, 26, 34]",10,0,18132187,Friday,2018-03-09
"[12, 24, 29, 35, 36]",1,0,15434255,Tuesday,2018-03-06
"[1, 14, 27, 33, 40]",12,0,12870371,Friday,2018-03-02
"[6, 16, 18, 33, 34]",13,0,9939094,Tuesday,2018-02-27
"[15, 20, 31, 36, 45]",17,0,7523728,Friday,2018-02-23
"[8, 27, 30, 33, 42]",3,0,4830818,Tuesday,2018-02-20
"[2, 8, 26, 28, 30]",2,0,2649911,Friday,2018-02-16
"[5, 10, 12, 29, 42]",8,1,16272096,Tuesday,2018-02-13
"[1, 8, 10, 26, 39]",17,0,13000000,Friday,2018-02-09
"[6, 7, 21, 27, 40]",15,0,9646467,Tuesday,2018-02-06
"[10, 13, 30, 36, 45]",19,0,6417297,Friday,2018-02-02
"[8, 20, 41, 42, 43]",4,0,2816925,Tuesday,2018-01-30
"[6, 8, 14, 22, 25]",3,1,8435436,Friday,2018-01-26
"[3, 28, 40, 41, 42]",8,0,5042554,Tuesday,2018-01-23
"[1, 3, 13, 24, 27]",12,0,2711360,Friday,2018-01-19
"[12, 27, 29, 35, 36]",15,1,2486663,Tuesday,2018-01-16
"[15, 17, 20, 25, 42]",19,1,70031306,Friday,2018-01-12
"[4, 11, 18, 19, 40]",19,0,65658533,Tuesday,2018-01-09
"[8, 31, 34, 35, 44]",4,0,62021228,Friday,2018-01-05
"[21, 29, 30, 34, 37]",20,0,58327734,Tuesday,2018-01-02
"[22, 31, 44, 49, 50]",8,0,50000000,Tuesday,2019-12-31
"[4, 13, 34, 36, 38]",4,0,37060519,Friday,2019-12-27
"[14, 18, 29, 41, 46]",6,0,33268219,Tuesday,2019-12-24
"[8, 10, 22, 36, 40]",20,0,28863255,Friday,2019-12-20
"[15, 27, 33, 38, 48]",1,0,24358627,Tuesday,2019-12-17
"[1, 9, 13, 25, 34]",10,0,20624733,Friday,2019-12-13
"[18, 21, 24, 40, 50]",17,0,16309679,Tuesday,2019-12-10
"[12, 19, 33, 34, 49]",8,0,12761343,Friday,2019-12-06
"[5, 6, 15, 23, 45]",6,0,8788761,Tuesday,2019-12-03
"[6, 11, 21, 25, 49]",12,0,4755895,Friday,2019-11-29
"[2, 8, 11, 13, 32]",3,1,114242817,Tuesday,2019-11-26
"[5, 17, 18, 20, 26]",7,0,106634699,Friday,2019-11-22
"[3, 4, 16, 43, 44]",10,0,100000000,Tuesday,2019-11-19
"[13, 15, 31, 37, 49]",13,0,88795916,Friday,2019-11-15
"[3, 5, 10, 11, 25]",10,0,82998648,Tuesday,2019-11-12
"[5, 18, 27, 37, 45]",12,0,77767539,Friday,2019-11-08
"[4, 7, 18, 27, 37]",8,0,71390621,Tuesday,2019-11-05
"[13, 25, 29, 43, 47]",12,0,66217899,Friday,2019-11-01
"[8, 29, 38, 41, 50]",2,0,60192826,Tuesday,2019-10-29
"[2, 21, 29, 37, 49]",9,0,59797737,Friday,2019-10-25
"[3, 22, 31, 35, 48]",16,0,50000000,Tuesday,2019-10-22
"[15, 21, 31, 34, 44]",2,0,45454039,Friday,2019-10-18
"[10, 34, 36, 39, 50]",6,0,41109639,Tuesday,2019-10-15
"[15, 16, 17, 26, 43]",10,0,37052832,Friday,2019-10-11
"[4, 15, 36, 37, 50]",17,0,33000000,Tuesday,2019-10-08
"[4, 5, 23, 29, 31]",17,0,28584743,Friday,2019-10-04
"[3, 9, 29, 32, 50]",7,0,24000000,Tuesday,2019-10-01
"[14, 16, 18, 22, 39]",15,0,19766485,Friday,2019-09-27
"[6, 34, 35, 36, 46]",12,0,15000000,Tuesday,2019-09-24
"[9, 16, 22, 29, 35]",6,0,12102330,Friday,2019-09-20
"[13, 21, 23, 35, 49]",8,0,8057576,Tuesday,2019-09-17
"[8, 9, 10, 11, 42]",9,0,4452166,Friday,2019-09-13
"[10, 15, 24, 28, 50]",5,1,21939453,Tuesday,2019-09-10
"[2, 20, 25, 40, 49]",20,0,17639051,Friday,2019-09-06
"[6, 11, 16, 31, 34]",19,0,12636625,Tuesday,2019-09-03
"[8, 14, 36, 40, 47]",2,0,6845079,Friday,2019-08-30
"[4, 5, 9, 10, 11]",13,1,5490368,Tuesday,2019-08-27
"[8, 9, 15, 20, 24]",14,1,141343181,Friday,2019-08-23
"[11, 19, 20, 39, 41]",9,0,130000000,Tuesday,2019-08-20
"[3, 10, 14, 31, 41]",9,0,119848161,Friday,2019-08-16
"[5, 16, 17, 25, 38]",2,0,110000000,Tuesday,2019-08-13
"[2, 18, 34, 37, 48]",3,0,100000000,Friday,2019-08-09
"[6, 8, 15, 30, 37]",20,0,85000000,Tuesday,2019-08-06
"[5, 31, 45, 46, 47]",5,0,78761158,Friday,2019-08-02
"[1, 14, 29, 32, 38]",18,0,70000000,Tuesday,2019-07-30
"[4, 17, 19, 43, 48]",7,0,65277858,Friday,2019-07-26
"[4, 6, 35, 45, 48]",20,0,60000000,Tuesday,2019-07-23
"[3, 12, 13, 20, 41]",16,0,55055514,Friday,2019-07-19
"[3, 5, 20, 23, 40]",14,0,50000000,Tuesday,2019-07-16
"[29, 35, 46, 47, 48]",17,0,42774434,Friday,2019-07-12
"[9, 12, 28, 44, 49]",13,0,38022655,Tuesday,2019-07-09
"[28, 37, 39, 46, 47]",12,0,34249598,Friday,2019-07-05
"[16, 29, 43, 44, 47]",15,0,29707155,Tuesday,2019-07-02
"[3, 13, 16, 33, 41]",10,0,25444942,Friday,2019-06-28
"[3, 32, 33, 38, 40]",11,0,21064303,Tuesday,2019-06-25
"[8, 15, 28, 46, 49]",8,0,17476151,Friday,2019-06-21
"[2, 3, 17, 20, 33]",3,0,13878631,Tuesday,2019-06-18
"[24, 26, 27, 35, 39]",15,0,10910150,Friday,2019-06-14
"[11, 14, 15, 38, 47]",13,0,7113120,Tuesday,2019-06-11
"[4, 11, 21, 22, 45]",14,0,3923953,Friday,2019-06-07
"[10, 16, 22, 46, 50]",19,1,55270216,Tuesday,2019-06-04
"[5, 21, 25, 27, 47]",12,0,50000000,Friday,2019-05-31
"[15, 21, 25, 33, 43]",17,0,41347732,Tuesday,2019-05-28
"[3, 25, 29, 38, 39]",7,0,36910847,Friday,2019-05-24
"[3, 11, 15, 33, 43]",13,0,32713904,Tuesday,2019-05-21
"[9, 19, 29, 31, 46]",17,0,29277726,Friday,2019-05-17
"[15, 18, 34, 44, 46]",16,0,25023233,Tuesday,2019-05-14
"[14, 22, 23, 39, 43]",15,0,21146620,Friday,2019-05-10
"[15, 22, 30, 45, 48]",13,0,16932651,Tuesday,2019-05-07
"[13, 18, 20, 35, 36]",11,0,13108546,Friday,2019-05-03
"[1, 3, 20, 46, 48]",5,0,8643851,Tuesday,2019-04-30
"[13, 16, 19, 43, 49]",13,0,4287535,Friday,2019-04-26
"[10, 35, 37, 46, 48]",9,1,19517312,Tuesday,2019-04-23
"[17, 19, 25, 43, 47]",4,0,15437930,Friday,2019-04-19
"[5, 6, 32, 44, 48]",5,0,10931599,Tuesday,2019-04-16
"[28, 35, 41, 43, 50]",12,0,5534282,Friday,2019-04-12
"[5, 11, 13, 28, 38]",14,1,77710963,Tuesday,2019-04-09
"[15, 22, 29, 31, 48]",3,0,71628330,Friday,2019-04-05
"[11, 29, 35, 38, 41]",18,0,64831133,Tuesday,2019-04-02
"[3, 6, 11, 13, 31]",13,0,58099637,Friday,2019-03-29
"[1, 8, 24, 26, 30]",2,0,51757421,Tuesday,2019-03-26
"[8, 10, 15, 34, 35]",16,0,45690775,Friday,2019-03-22
"[3, 16, 32, 33, 36]",7,0,40070446,Tuesday,2019-03-19
"[19, 36, 40, 45, 49]",5,0,35601478,Friday,2019-03-15
"[8, 27, 40, 46, 48]",18,0,29870709,Tuesday,2019-03-12
"[4, 5, 7, 11, 22]",3,0,24208356,Friday,2019-03-08
"[1, 18, 24, 48, 49]",20,0,17741429,Tuesday,2019-03-05
"[24, 29, 34, 46, 49]",15,0,12109045,Friday,2019-03-01
"[10, 20, 28, 31, 33]",12,0,5640752,Tuesday,2019-02-26
"[7, 9, 10, 11, 40]",2,1,6326736,Friday,2019-02-22
"[14, 18, 21, 26, 35]",5,1,232131751,Tuesday,2019-02-19
"[19, 20, 37, 42, 43]",17,0,212480135,Friday,2019-02-15
"[15, 16, 24, 38, 47]",13,0,192779736,Tuesday,2019-02-12
"[22, 30, 39, 41, 42]",11,0,178315452,Friday,2019-02-08
"[5, 28, 31, 35, 50]",9,0,162855404,Tuesday,2019-02-05
"[5, 13, 19, 39, 41]",3,0,150000000,Friday,2019-02-01
"[6, 7, 23, 25, 29]",5,0,122014409,Tuesday,2019-01-29
"[20, 27, 31, 40, 41]",9,0,110000000,Friday,2019-01-25
"[6, 15, 24, 41, 47]",3,0,94000000,Tuesday,2019-01-22
"[8, 23, 26, 38, 40]",9,0,88442717,Friday,2019-01-18
"[9, 13, 24, 27, 29]",20,0,79756970,Tuesday,2019-01-15
"[8, 21, 25, 29, 42]",15,0,72604385,Friday,2019-01-11
"[2, 15, 35, 44, 46]",13,0,65327021,Tuesday,2019-01-08
"[7, 9, 24, 26, 29]",1,0,59904209,Friday,2019-01-04
"[42, 44, 46, 47, 48]",11,0,53702828,Tuesday,2019-01-01
"[15, 17, 24, 28, 30]",19,0,32792589,Tuesday,2020-12-29
"[9, 12, 15, 27, 42]",14,0,26660860,Tuesday,2020-12-22
"[20, 22, 24, 28, 47]",14,0,22153805,Friday,2020-12-18
"[3, 7, 13, 34, 50]",6,0,17516395,Tuesday,2020-12-15
"[13, 18, 25, 36, 49]",19,0,13372509,Friday,2020-12-11
"[6, 16, 35, 37, 40]",2,0,8993014,Tuesday,2020-12-08
"[13, 15, 24, 30, 50]",9,0,4702791,Friday,2020-12-04
"[5, 6, 7, 8, 9]",10,1,113769364,Tuesday,2020-12-01
"[13, 29, 34, 36, 49]",18,0,107005263,Friday,2020-11-27
"[13, 15, 30, 43, 47]",18,0,100000000,Tuesday,2020-11-24
"[7, 10, 13, 22, 50]",12,0,85984620,Friday,2020-11-20
"[11, 12, 36, 37, 38]",12,0,80657669,Tuesday,2020-11-17
"[1, 11, 16, 19, 24]",19,0,75641015,Friday,2020-11-13
"[6, 23, 30, 35, 36]",14,0,69637279,Tuesday,2020-11-10
"[6, 9, 33, 40, 44]",11,0,64613781,Friday,2020-11-06
"[1, 2, 25, 36, 39]",12,0,58808203,Tuesday,2020-11-03
"[4, 27, 36, 46, 49]",16,0,53352433,Friday,2020-10-30
"[19, 25, 41, 45, 46]",12,0,47222686,Tuesday,2020-10-27
"[3, 6, 36, 41, 43]",17,0,41535111,Friday,2020-10-23
"[15, 20, 29, 32, 45]",4,0,35211812,Tuesday,2020-10-20
"[1, 7, 18, 37, 48]",13,0,29942011,Friday,2020-10-16
"[13, 15, 20, 27, 28]",7,0,23957289,Tuesday,2020-10-13
"[8, 21, 38, 41, 50]",4,0,18817066,Friday,2020-10-09
"[6, 21, 25, 29, 33]",9,0,12398969,Tuesday,2020-10-06
"[8, 10, 23, 41, 50]",9,0,6433386,Friday,2020-10-02
"[7, 12, 16, 28, 38]",13,1,121730296,Tuesday,2020-09-29
"[2, 17, 18, 27, 37]",4,0,114503215,Friday,2020-09-25
"[3, 10, 28, 31, 41]",7,0,106905907,Tuesday,2020-09-22
"[8, 19, 24, 29, 44]",8,0,100688939,Friday,2020-09-18
"[3, 18, 32, 40, 46]",7,0,93460061,Tuesday,2020-09-15
"[1, 4, 10, 12, 49]",18,0,87788003,Friday,2020-09-11
"[12, 13, 14, 36, 50]",6,0,80910024,Tuesday,2020-09-08
"[2, 3, 11, 12, 43]",13,0,75010834,Friday,2020-09-04
"[16, 21, 22, 36, 39]",5,0,68371686,Tuesday,2020-09-01
"[8, 10, 17, 44, 45]",12,0,62604837,Friday,2020-08-28
"[7, 20, 32, 34, 48]",1,0,56073369,Tuesday,2020-08-25
"[13, 32, 33, 40, 41]",1,0,50632902,Friday,2020-08-21
"[6, 22, 30, 39, 49]",2,0,44861971,Tuesday,2020-08-18
"[10, 11, 16, 25, 30]",1,0,39962090,Friday,2020-08-14
"[27, 29, 39, 40, 42]",6,0,34146335,Tuesday,2020-08-11
"[11, 30, 42, 45, 48]",12,0,29591792,Friday,2020-08-07
"[4, 28, 34, 38, 47]",16,0,23967506,Tuesday,2020-08-04
"[6, 18, 30, 46, 48]",11,0,18661639,Friday,2020-07-31
"[3, 28, 30, 38, 40]",8,0,13229291,Tuesday,2020-07-28
"[4, 6, 11, 27, 34]",10,0,8760753,Friday,2020-07-24
"[17, 20, 22, 32, 41]",3,0,3928437,Tuesday,2020-07-21
"[12, 15, 24, 30, 38]",6,1,31437679,Friday,2020-07-17
"[20, 21, 28, 48, 49]",3,0,26468816,Tuesday,2020-07-14
"[11, 16, 44, 46, 50]",1,0,22045918,Friday,2020-07-10
"[2, 7, 13, 20, 45]",18,0,14152306,Tuesday,2020-07-07
"[2, 7, 15, 25, 41]",1,0,7232687,Friday,2020-07-03
"[2, 11, 27, 36, 39]",3,1,77474036,Tuesday,2020-06-30
"[11, 20, 21, 34, 50]",7,0,70472727,Friday,2020-06-26
"[2, 7, 16, 36, 47]",18,0,63527507,Tuesday,2020-06-23
"[21, 28, 29, 33, 48]",7,0,57844583,Friday,2020-06-19
"[4, 26, 27, 29, 41]",15,0,52197283,Tuesday,2020-06-16
"[9, 27, 38, 43, 48]",15,0,46976854,Friday,2020-06-12
"[5, 37, 43, 49, 50]",3,0,41082669,Tuesday,2020-06-09
"[14, 23, 28, 40, 48]",3,0,35914665,Friday,2020-06-05
"[5, 15, 29, 41, 46]",14,0,30872007,Tuesday,2020-06-02
"[4, 27, 30, 34, 45]",20,0,26938677,Friday,2020-05-29
"[15, 25, 34, 39, 42]",4,0,23662985,Tuesday,2020-05-26
"[9, 10, 24, 41, 45]",15,0,20642430,Friday,2020-05-22
"[9, 15, 19, 36, 44]",10,0,17435468,Tuesday,2020-05-19
"[5, 7, 13, 19, 47]",4,0,14772886,Friday,2020-05-15
"[6, 22, 34, 44, 45]",11,0,11805096,Tuesday,2020-05-12
"[12, 21, 30, 35, 45]",18,0,9088382,Friday,2020-05-08
"[6, 22, 41, 46, 49]",3,0,6012002,Tuesday,2020-05-05
"[12, 20, 43, 48, 49]",6,0,3226164,Friday,2020-05-01
"[6, 12, 32, 36, 45]",4,1,135366753,Tuesday,2020-04-28
"[10, 12, 22, 42, 50]",18,0,131289991,Friday,2020-04-24
"[8, 13, 21, 46, 50]",13,0,123616406,Tuesday,2020-04-21
"[16, 19, 20, 23, 25]",10,0,117170215,Friday,2020-04-17
"[6, 11, 25, 31, 46]",9,0,110401244,Tuesday,2020-04-14
"[7, 14, 22, 24, 41]",16,0,104603906,Friday,2020-04-10
"[4, 13, 32, 34, 42]",9,0,98845530,Tuesday,2020-04-07
"[9, 10, 29, 32, 45]",9,0,92834854,Friday,2020-04-03
"[14, 20, 28, 43, 49]",5,0,86964111,Tuesday,2020-03-31
"[3, 8, 18, 38, 45]",3,0,81745765,Friday,2020-03-27
"[4, 12, 41, 45, 46]",5,0,77090003,Tuesday,2020-03-24
"[4, 9, 16, 21, 36]",14,0,71756708,Friday,2020-03-20
"[16, 29, 34, 38, 49]",14,0,65291063,Tuesday,2020-03-17
"[5, 6, 12, 22, 50]",11,0,59612516,Friday,2020-03-13
"[6, 8, 24, 25, 50]",10,0,53201812,Tuesday,2020-03-10
"[6, 23, 26, 28, 47]",6,0,47477402,Friday,2020-03-06
"[11, 17, 18, 27, 44]",8,0,40997297,Tuesday,2020-03-03
"[1, 31, 37, 49, 50]",2,0,35520864,Friday,2020-02-28
"[4, 10, 17, 26, 31]",11,0,29378132,Tuesday,2020-02-25
"[4, 18, 30, 34, 36]",20,0,24597109,Friday,2020-02-21
"[14, 17, 20, 36, 49]",2,0,19808331,Tuesday,2020-02-18
"[2, 19, 40, 49, 50]",6,0,15379751,Friday,2020-02-14
"[9, 22, 40, 43, 46]",1,0,10172065,Tuesday,2020-02-11
"[2, 4, 29, 38, 47]",1,0,5419504,Friday,2020-02-07
"[3, 15, 23, 37, 45]",18,1,114580903,Tuesday,2020-02-04
"[11, 14, 18, 29, 34]",15,0,104849661,Friday,2020-01-31
"[14, 18, 31, 36, 49]",9,0,94384334,Tuesday,2020-01-28
"[5, 11, 26, 48, 49]",12,0,87062324,Friday,2020-01-24
"[14, 18, 32, 42, 49]",17,0,80348245,Tuesday,2020-01-21
"[7, 8, 18, 26, 31]",16,0,74907826,Friday,2020-01-17
"[9, 10, 11, 32, 43]",15,0,68822299,Tuesday,2020-01-14
"[23, 25, 28, 30, 40]",13,0,63994603,Friday,2020-01-10
"[4, 8, 18, 35, 49]",10,0,59101163,Tuesday,2020-01-07
"[8, 9, 18, 43, 50]",12,0,54561400,Friday,2020-01-03
"[2, 13, 20, 42, 47]",3,0,22270824,Tuesday,2021-10-05
"[24, 25, 38, 40, 49]",2,0,17575482,Friday,2021-10-01
"[13, 15, 20, 28, 29]",15,0,12443950,Tuesday,2021-09-28
"[14, 17, 24, 31, 43]",15,0,8075876,Friday,2021-09-24
"[18, 26, 41, 44, 47]",4,0,3958419,Tuesday,2021-09-21
"[8, 10, 17, 26, 39]",14,1,86547728,Friday,2021-09-17
"[16, 18, 23, 31, 35]",10,0,79338337,Tuesday,2021-09-14
"[8, 12, 17, 28, 43]",13,0,72915118,Friday,2021-09-10
"[2, 11, 13, 19, 40]",2,0,66280966,Tuesday,2021-09-07
"[2, 9, 18, 42, 43]",8,0,60000000,Friday,2021-09-03
"[9, 10, 35, 42, 48]",20,0,51785957,Tuesday,2021-08-31
"[6, 10, 11, 45, 47]",13,0,45844881,Friday,2021-08-27
"[21, 23, 34, 35, 41]",9,0,39847242,Tuesday,2021-08-24
"[6, 21, 33, 37, 50]",18,0,35159233,Friday,2021-08-20
"[10, 18, 23, 30, 48]",1,0,30029577,Tuesday,2021-08-17
"[5, 23, 41, 42, 50]",2,0,25238767,Friday,2021-08-13
"[1, 4, 12, 13, 33]",6,0,19864681,Tuesday,2021-08-10
"[7, 13, 18, 20, 25]",6,0,15601539,Friday,2021-08-06
"[8, 16, 18, 30, 34]",4,0,10414763,Tuesday,2021-08-03
"[4, 12, 27, 35, 50]",1,0,5463175,Friday,2021-07-30
"[5, 12, 15, 28, 29]",14,1,158035648,Tuesday,2021-07-27
"[21, 45, 47, 48, 49]",18,0,148159783,Friday,2021-07-23
"[7, 32, 33, 40, 42]",6,0,137361125,Tuesday,2021-07-20
"[20, 22, 25, 41, 45]",5,0,129127994,Friday,2021-07-16
"[2, 28, 29, 38, 42]",2,0,121555454,Tuesday,2021-07-13
"[3, 12, 29, 31, 38]",15,0,115159575,Friday,2021-07-09
"[1, 16, 18, 26, 39]",8,0,105560884,Tuesday,2021-07-06
"[20, 30, 34, 38, 43]",7,0,97514490,Friday,2021-07-02
"[6, 35, 41, 43, 45]",4,0,89144686,Tuesday,2021-06-29
"[4, 16, 34, 36, 46]",6,0,82148925,Friday,2021-06-25
"[3, 11, 24, 33, 41]",16,0,75000000,Tuesday,2021-06-22
"[3, 8, 19, 28, 49]",11,0,66396398,Friday,2021-06-18
"[13, 23, 24, 27, 44]",10,0,60708344,Tuesday,2021-06-15
"[9, 12, 27, 37, 48]",7,0,55368808,Friday,2021-06-11
"[1, 3, 17, 28, 50]",7,0,49963904,Tuesday,2021-06-08
"[17, 34, 37, 39, 44]",10,0,45049638,Friday,2021-06-04
"[3, 5, 23, 37, 42]",11,0,39634655,Tuesday,2021-06-01
"[31, 33, 36, 38, 44]",4,0,34608237,Friday,2021-05-28
"[3, 4, 8, 25, 44]",15,0,29279195,Tuesday,2021-05-25
"[19, 21, 24, 45, 50]",5,0,24582070,Friday,2021-05-21
"[4, 11, 30, 35, 45]",12,0,19896006,Tuesday,2021-05-18
"[3, 16, 28, 31, 48]",11,0,15727031,Friday,2021-05-14
"[4, 10, 17, 29, 38]",20,0,10873181,Tuesday,2021-05-11
"[4, 7, 19, 20, 49]",19,0,6007981,Friday,2021-05-07
"[3, 9, 17, 25, 39]",13,1,112706601,Tuesday,2021-05-04
"[6, 12, 22, 38, 45]",4,0,105001771,Friday,2021-04-30
"[1, 8, 22, 29, 49]",18,0,96486995,Tuesday,2021-04-27
"[5, 14, 19, 30, 35]",12,0,90353824,Friday,2021-04-23
"[3, 5, 12, 32, 49]",19,0,83423379,Tuesday,2021-04-20
"[2, 5, 12, 25, 49]",20,0,77486741,Friday,2021-04-16
"[6, 8, 22, 31, 42]",15,0,71123084,Tuesday,2021-04-13
"[18, 31, 39, 45, 46]",17,0,65662602,Friday,2021-04-09
"[3, 13, 21, 42, 45]",8,0,59521782,Tuesday,2021-04-06
"[4, 8, 15, 25, 26]",17,0,54899302,Friday,2021-04-02
"[7, 16, 24, 25, 38]",9,0,50000000,Tuesday,2021-03-30
"[5, 25, 27, 42, 47]",15,0,33325997,Friday,2021-03-26
"[7, 9, 10, 18, 34]",16,0,27875790,Tuesday,2021-03-23
"[5, 16, 27, 32, 46]",18,0,24062975,Friday,2021-03-19
"[11, 20, 21, 32, 36]",18,0,19172205,Tuesday,2021-03-16
"[7, 15, 29, 34, 39]",2,0,14691308,Friday,2021-03-12
"[28, 30, 36, 37, 41]",7,0,10031371,Tuesday,2021-03-09
"[6, 15, 39, 40, 48]",17,0,5922879,Friday,2021-03-05
"[1, 11, 21, 32, 42]",11,1,51578672,Tuesday,2021-03-02
"[1, 3, 7, 41, 44]",11,0,45598659,Friday,2021-02-26
"[8, 13, 25, 32, 42]",16,0,39537289,Tuesday,2021-02-23
"[3, 17, 20, 25, 47]",3,0,34983642,Friday,2021-02-19
"[5, 18, 31, 36, 45]",8,0,29887306,Tuesday,2021-02-16
"[3, 15, 35, 39, 41]",5,0,25153146,Friday,2021-02-12
"[4, 7, 15, 30, 32]",10,0,20130254,Tuesday,2021-02-09
"[8, 16, 19, 20, 50]",18,0,15513359,Friday,2021-02-05
"[6, 13, 22, 34, 49]",10,0,10291251,Tuesday,2021-02-02
"[2, 11, 16, 22, 47]",19,0,5457085,Friday,2021-01-29
"[4, 8, 12, 15, 19]",17,1,13456151,Tuesday,2021-01-26
"[11, 14, 36, 37, 44]",19,0,8561701,Friday,2021-01-22
"[13, 16, 28, 42, 45]",11,0,3888746,Tuesday,2021-01-19
"[24, 31, 40, 45, 48]",20,1,60421873,Friday,2021-01-15
"[11, 13, 28, 36, 37]",15,0,54906108,Tuesday,2021-01-12
"[11, 16, 28, 32, 41]",6,0,50000000,Friday,2021-01-08
"[4, 17, 42, 46, 48]",14,0,41353227,Tuesday,2021-01-05
"[1, 7, 24, 30, 44]",1,0,36464366,Friday,2021-01-01
